Dataset,List Name,SEED,DIM_1,DIM_2,AE_LEARNING_RATE,AE_BATCH_SIZE,AE_EPOCHS,AE_ENCODER_ACTIVATION_FN,AE_DECODER_ACTIVATION_FN,Epoch,Train_Loss,Validation_Loss,Time,Test_Loss
Audio_MNIST,AE_loss_values,2,28,28,0.0001,32,500,Sigmoid(),Sigmoid(),1,0.0317105804583116,0.001056414711017472,3.531766176223755,0.000638480624766089
Audio_MNIST,AE_loss_values,2,28,28,0.0001,32,500,Sigmoid(),Sigmoid(),2,0.0003071858246670066,0.0009818214745415995,3.666475534439087,0.000638480624766089
Audio_MNIST,AE_loss_values,2,28,28,0.0001,32,500,Sigmoid(),Sigmoid(),3,0.000260764866390673,0.0008870123220452418,3.611076593399048,0.000638480624766089
Audio_MNIST,AE_loss_values,2,28,28,0.0001,32,500,Sigmoid(),Sigmoid(),4,0.00024083987758725318,0.0008651847334306997,3.58739972114563,0.000638480624766089
Audio_MNIST,AE_loss_values,2,28,28,0.0001,32,500,Sigmoid(),Sigmoid(),5,0.00023269767188503464,0.0008899189482229606,3.5937340259552,0.000638480624766089
Audio_MNIST,AE_loss_values,2,28,28,0.0001,32,500,Sigmoid(),Sigmoid(),6,0.00022841982124555216,0.0008693753848783672,3.6055262088775635,0.000638480624766089
Audio_MNIST,AE_loss_values,2,28,28,0.0001,32,500,Sigmoid(),Sigmoid(),7,0.0002270965290214614,0.0008567410602311914,3.5944907665252686,0.000638480624766089
Audio_MNIST,AE_loss_values,2,28,28,0.0001,32,500,Sigmoid(),Sigmoid(),8,0.0002254631277774024,0.0008548263053623184,3.622410774230957,0.000638480624766089
Audio_MNIST,AE_loss_values,2,28,28,0.0001,32,500,Sigmoid(),Sigmoid(),9,0.00022480581179176322,0.0008504817265590342,3.615647554397583,0.000638480624766089
Audio_MNIST,AE_loss_values,2,28,28,0.0001,32,500,Sigmoid(),Sigmoid(),10,0.00022414649634629313,0.0008478467569220811,3.666341543197632,0.000638480624766089
Audio_MNIST,AE_loss_values,2,28,28,0.0001,32,500,Sigmoid(),Sigmoid(),11,0.0002230399731952275,0.0008496178546047304,3.6293771266937256,0.000638480624766089
Audio_MNIST,AE_loss_values,2,28,28,0.0001,32,500,Sigmoid(),Sigmoid(),12,0.00022253139327646447,0.0008494447700989743,3.6236233711242676,0.000638480624766089
Audio_MNIST,AE_loss_values,2,28,28,0.0001,32,500,Sigmoid(),Sigmoid(),13,0.00022146819151688154,0.0008415291376101474,3.620959997177124,0.000638480624766089
Audio_MNIST,AE_loss_values,2,28,28,0.0001,32,500,Sigmoid(),Sigmoid(),14,0.0002206229100956989,0.0008400597556222541,3.630695104598999,0.000638480624766089
Audio_MNIST,AE_loss_values,2,28,28,0.0001,32,500,Sigmoid(),Sigmoid(),15,0.00021999762510737733,0.0008435806937826176,3.6459267139434814,0.000638480624766089
Audio_MNIST,AE_loss_values,2,28,28,0.0001,32,500,Sigmoid(),Sigmoid(),16,0.00021835058884729126,0.0008375851419987157,3.6481876373291016,0.000638480624766089
Audio_MNIST,AE_loss_values,2,28,28,0.0001,32,500,Sigmoid(),Sigmoid(),17,0.00021752074503759408,0.0008310782352540021,3.639841318130493,0.000638480624766089
Audio_MNIST,AE_loss_values,2,28,28,0.0001,32,500,Sigmoid(),Sigmoid(),18,0.00021575207115529337,0.0008464010488629962,3.656867265701294,0.000638480624766089
Audio_MNIST,AE_loss_values,2,28,28,0.0001,32,500,Sigmoid(),Sigmoid(),19,0.00021479326472702572,0.0008275897271038654,3.668393135070801,0.000638480624766089
Audio_MNIST,AE_loss_values,2,28,28,0.0001,32,500,Sigmoid(),Sigmoid(),20,0.00021305956544226016,0.0008293481835862621,3.684603691101074,0.000638480624766089
Audio_MNIST,AE_loss_values,2,28,28,0.0001,32,500,Sigmoid(),Sigmoid(),21,0.00021265118085102587,0.0008369732984962562,3.7056212425231934,0.000638480624766089
Audio_MNIST,AE_loss_values,2,28,28,0.0001,32,500,Sigmoid(),Sigmoid(),22,0.00021120123494498935,0.0008194279472809285,3.7183220386505127,0.000638480624766089
Audio_MNIST,AE_loss_values,2,28,28,0.0001,32,500,Sigmoid(),Sigmoid(),23,0.00021062632543422902,0.0008300972006594141,3.742475986480713,0.000638480624766089
Audio_MNIST,AE_loss_values,2,28,28,0.0001,32,500,Sigmoid(),Sigmoid(),24,0.00020924081489223076,0.0008160405798698776,3.7397522926330566,0.000638480624766089
Audio_MNIST,AE_loss_values,2,28,28,0.0001,32,500,Sigmoid(),Sigmoid(),25,0.00020876829521148464,0.0008188648027911161,3.7505664825439453,0.000638480624766089
Audio_MNIST,AE_loss_values,2,28,28,0.0001,32,500,Sigmoid(),Sigmoid(),26,0.0002082399694063497,0.0008213496274547651,3.787468433380127,0.000638480624766089
Audio_MNIST,AE_loss_values,2,28,28,0.0001,32,500,Sigmoid(),Sigmoid(),27,0.000207844993658,0.0008185674597431595,3.8703131675720215,0.000638480624766089
Audio_MNIST,AE_loss_values,2,28,28,0.0001,32,500,Sigmoid(),Sigmoid(),28,0.00020743927240800985,0.0008125451554272634,3.812533378601074,0.000638480624766089
Audio_MNIST,AE_loss_values,2,28,28,0.0001,32,500,Sigmoid(),Sigmoid(),29,0.00020683834765865565,0.0008218366400687955,3.8126742839813232,0.000638480624766089
Audio_MNIST,AE_loss_values,2,28,28,0.0001,32,500,Sigmoid(),Sigmoid(),30,0.00020681214170447979,0.0008216242039343342,3.856775999069214,0.000638480624766089
Audio_MNIST,AE_loss_values,2,28,28,0.0001,32,500,Sigmoid(),Sigmoid(),31,0.00020602244089119873,0.000819297699451757,3.8465445041656494,0.000638480624766089
Audio_MNIST,AE_loss_values,2,28,28,0.0001,32,500,Sigmoid(),Sigmoid(),32,0.00020565205025256244,0.0008261303018080071,3.8648154735565186,0.000638480624766089
Audio_MNIST,AE_loss_values,2,28,28,0.0001,32,500,Sigmoid(),Sigmoid(),33,0.00020583935816891123,0.0008178247405642954,3.8739335536956787,0.000638480624766089
Audio_MNIST,AE_loss_values,2,28,28,0.0001,32,500,Sigmoid(),Sigmoid(),34,0.00020566852075050215,0.0008119124952548494,3.869500160217285,0.000638480624766089
Audio_MNIST,AE_loss_values,2,28,28,0.0001,32,500,Sigmoid(),Sigmoid(),35,0.00020518795989300998,0.000812324395791317,3.89560866355896,0.000638480624766089
Audio_MNIST,AE_loss_values,2,28,28,0.0001,32,500,Sigmoid(),Sigmoid(),36,0.000205061343439714,0.0008123553993063979,3.9219155311584473,0.000638480624766089
Audio_MNIST,AE_loss_values,2,28,28,0.0001,32,500,Sigmoid(),Sigmoid(),37,0.00020411443491866521,0.0008054851606138981,3.900282382965088,0.000638480624766089
Audio_MNIST,AE_loss_values,2,28,28,0.0001,32,500,Sigmoid(),Sigmoid(),38,0.00020376526598890146,0.0008153450328488058,3.912299156188965,0.000638480624766089
Audio_MNIST,AE_loss_values,2,28,28,0.0001,32,500,Sigmoid(),Sigmoid(),39,0.00020347174897142396,0.0007960000282425123,3.9804022312164307,0.000638480624766089
Audio_MNIST,AE_loss_values,2,28,28,0.0001,32,500,Sigmoid(),Sigmoid(),40,0.00020411194162625178,0.0008195997835330975,3.9185233116149902,0.000638480624766089
Audio_MNIST,AE_loss_values,2,28,28,0.0001,32,500,Sigmoid(),Sigmoid(),41,0.00020296711680809192,0.0008035661362033958,3.9988160133361816,0.000638480624766089
Audio_MNIST,AE_loss_values,2,28,28,0.0001,32,500,Sigmoid(),Sigmoid(),42,0.00020217406003333356,0.0007964198263944127,4.01123309135437,0.000638480624766089
Audio_MNIST,AE_loss_values,2,28,28,0.0001,32,500,Sigmoid(),Sigmoid(),43,0.00020126440956361573,0.000800717536942102,4.029813289642334,0.000638480624766089
Audio_MNIST,AE_loss_values,2,28,28,0.0001,32,500,Sigmoid(),Sigmoid(),44,0.0002016279434962295,0.0008078522986421983,4.0506579875946045,0.000638480624766089
Audio_MNIST,AE_loss_values,2,28,28,0.0001,32,500,Sigmoid(),Sigmoid(),45,0.0002009449183800219,0.0007894000800539895,4.0455427169799805,0.000638480624766089
Audio_MNIST,AE_loss_values,2,28,28,0.0001,32,500,Sigmoid(),Sigmoid(),46,0.00020068922304562875,0.0007939792942488566,4.080264091491699,0.000638480624766089
Audio_MNIST,AE_loss_values,2,28,28,0.0001,32,500,Sigmoid(),Sigmoid(),47,0.0001992112520080506,0.0008272098943901559,4.080418348312378,0.000638480624766089
Audio_MNIST,AE_loss_values,2,28,28,0.0001,32,500,Sigmoid(),Sigmoid(),48,0.00019943526186519495,0.0007958010912407189,4.081812143325806,0.000638480624766089
Audio_MNIST,AE_loss_values,2,28,28,0.0001,32,500,Sigmoid(),Sigmoid(),49,0.00019886108801802038,0.0008079679307023374,4.050698280334473,0.000638480624766089
Audio_MNIST,AE_loss_values,2,28,28,0.0001,32,500,Sigmoid(),Sigmoid(),50,0.00019830667526548495,0.0007895618604573731,4.084908485412598,0.000638480624766089
Audio_MNIST,AE_loss_values,2,28,28,0.0001,32,500,Sigmoid(),Sigmoid(),51,0.00019777522261999063,0.0008071859938014919,4.138052463531494,0.000638480624766089
Audio_MNIST,AE_loss_values,2,28,28,0.0001,32,500,Sigmoid(),Sigmoid(),52,0.00019788015847795273,0.0007987454206643936,4.097222566604614,0.000638480624766089
Audio_MNIST,AE_loss_values,2,28,28,0.0001,32,500,Sigmoid(),Sigmoid(),53,0.00019782174622620611,0.0007868598780575364,4.129711389541626,0.000638480624766089
Audio_MNIST,AE_loss_values,2,28,28,0.0001,32,500,Sigmoid(),Sigmoid(),54,0.0001976679741440724,0.0007820219741358111,4.143509864807129,0.000638480624766089
Audio_MNIST,AE_loss_values,2,28,28,0.0001,32,500,Sigmoid(),Sigmoid(),55,0.0001949591285247152,0.0007858385420113337,4.144864797592163,0.000638480624766089
Audio_MNIST,AE_loss_values,2,28,28,0.0001,32,500,Sigmoid(),Sigmoid(),56,0.00019552889627993863,0.0008033034462714567,4.152435779571533,0.000638480624766089
Audio_MNIST,AE_loss_values,2,28,28,0.0001,32,500,Sigmoid(),Sigmoid(),57,0.00019475453979066515,0.0007805395058433836,4.150017738342285,0.000638480624766089
Audio_MNIST,AE_loss_values,2,28,28,0.0001,32,500,Sigmoid(),Sigmoid(),58,0.00019553459953021958,0.0007663586631727716,4.178120374679565,0.000638480624766089
Audio_MNIST,AE_loss_values,2,28,28,0.0001,32,500,Sigmoid(),Sigmoid(),59,0.00019296564434262108,0.0007660453951878783,4.1743690967559814,0.000638480624766089
Audio_MNIST,AE_loss_values,2,28,28,0.0001,32,500,Sigmoid(),Sigmoid(),60,0.00019201017751644637,0.0007698178602925812,4.183805465698242,0.000638480624766089
Audio_MNIST,AE_loss_values,2,28,28,0.0001,32,500,Sigmoid(),Sigmoid(),61,0.0001943092631008767,0.0007938562625204213,4.248295307159424,0.000638480624766089
Audio_MNIST,AE_loss_values,2,28,28,0.0001,32,500,Sigmoid(),Sigmoid(),62,0.0001912391415808088,0.000760916126135271,4.289915084838867,0.000638480624766089
Audio_MNIST,AE_loss_values,2,28,28,0.0001,32,500,Sigmoid(),Sigmoid(),63,0.00019132090520542988,0.0008542201582070751,4.295687675476074,0.000638480624766089
Audio_MNIST,AE_loss_values,2,28,28,0.0001,32,500,Sigmoid(),Sigmoid(),64,0.000195752992997465,0.000782927502063103,4.278653144836426,0.000638480624766089
Audio_MNIST,AE_loss_values,2,28,28,0.0001,32,500,Sigmoid(),Sigmoid(),65,0.0001907637110101253,0.0007855031461998199,4.2909321784973145,0.000638480624766089
Audio_MNIST,AE_loss_values,2,28,28,0.0001,32,500,Sigmoid(),Sigmoid(),66,0.00019423873044373372,0.0007691863989651513,4.275534391403198,0.000638480624766089
Audio_MNIST,AE_loss_values,2,28,28,0.0001,32,500,Sigmoid(),Sigmoid(),67,0.00019281570107826458,0.0008076722176629118,4.259201288223267,0.000638480624766089
Audio_MNIST,AE_loss_values,2,28,28,0.0001,32,500,Sigmoid(),Sigmoid(),68,0.00019078937836820842,0.0007724717441597022,4.22946310043335,0.000638480624766089
Audio_MNIST,AE_loss_values,2,28,28,0.0001,32,500,Sigmoid(),Sigmoid(),69,0.00019013629442936992,0.0007663127347283686,4.221327543258667,0.000638480624766089
Audio_MNIST,AE_loss_values,2,28,28,0.0001,32,500,Sigmoid(),Sigmoid(),70,0.00018864762233048775,0.00075099335052073,4.247495412826538,0.000638480624766089
Audio_MNIST,AE_loss_values,2,28,28,0.0001,32,500,Sigmoid(),Sigmoid(),71,0.0001902400263303813,0.0007618655162126136,4.229921340942383,0.000638480624766089
Audio_MNIST,AE_loss_values,2,28,28,0.0001,32,500,Sigmoid(),Sigmoid(),72,0.0001899726413545674,0.0007630680566265559,4.2436511516571045,0.000638480624766089
Audio_MNIST,AE_loss_values,2,28,28,0.0001,32,500,Sigmoid(),Sigmoid(),73,0.00018916415070877217,0.0007586089774461773,4.238706588745117,0.000638480624766089
Audio_MNIST,AE_loss_values,2,28,28,0.0001,32,500,Sigmoid(),Sigmoid(),74,0.00018863352048962648,0.0007576506551704369,4.241814613342285,0.000638480624766089
Audio_MNIST,AE_loss_values,2,28,28,0.0001,32,500,Sigmoid(),Sigmoid(),75,0.00018821239091084863,0.0007542573366081342,4.24627423286438,0.000638480624766089
Audio_MNIST,AE_loss_values,2,28,28,0.0001,32,500,Sigmoid(),Sigmoid(),76,0.00018678455636290893,0.0007478785568576617,4.264256954193115,0.000638480624766089
Audio_MNIST,AE_loss_values,2,28,28,0.0001,32,500,Sigmoid(),Sigmoid(),77,0.00018667409422657027,0.000755037957666597,4.263007164001465,0.000638480624766089
Audio_MNIST,AE_loss_values,2,28,28,0.0001,32,500,Sigmoid(),Sigmoid(),78,0.00018593576320624075,0.0007595553420639287,4.301137208938599,0.000638480624766089
Audio_MNIST,AE_loss_values,2,28,28,0.0001,32,500,Sigmoid(),Sigmoid(),79,0.0001860727206712909,0.0007522161680390127,4.297344207763672,0.000638480624766089
Audio_MNIST,AE_loss_values,2,28,28,0.0001,32,500,Sigmoid(),Sigmoid(),80,0.00018727789311257463,0.0007461316794894325,4.291653633117676,0.000638480624766089
Audio_MNIST,AE_loss_values,2,28,28,0.0001,32,500,Sigmoid(),Sigmoid(),81,0.00018809931328420742,0.0007418725844472646,4.2709431648254395,0.000638480624766089
Audio_MNIST,AE_loss_values,2,28,28,0.0001,32,500,Sigmoid(),Sigmoid(),82,0.00018546884395588374,0.0007464364508632571,4.261688470840454,0.000638480624766089
Audio_MNIST,AE_loss_values,2,28,28,0.0001,32,500,Sigmoid(),Sigmoid(),83,0.0001866432924362016,0.0007421388746006414,4.261192083358765,0.000638480624766089
Audio_MNIST,AE_loss_values,2,28,28,0.0001,32,500,Sigmoid(),Sigmoid(),84,0.00018514695905651025,0.0007394469913172846,4.275184869766235,0.000638480624766089
Audio_MNIST,AE_loss_values,2,28,28,0.0001,32,500,Sigmoid(),Sigmoid(),85,0.00018452826773682318,0.0007476029275373245,4.283531904220581,0.000638480624766089
Audio_MNIST,AE_loss_values,2,28,28,0.0001,32,500,Sigmoid(),Sigmoid(),86,0.00018527205911959753,0.0007401050773914904,4.260228633880615,0.000638480624766089
Audio_MNIST,AE_loss_values,2,28,28,0.0001,32,500,Sigmoid(),Sigmoid(),87,0.0001830689083690231,0.0007592096320004203,4.26214075088501,0.000638480624766089
Audio_MNIST,AE_loss_values,2,28,28,0.0001,32,500,Sigmoid(),Sigmoid(),88,0.00018308320968571934,0.0007278970532740155,4.275093078613281,0.000638480624766089
Audio_MNIST,AE_loss_values,2,28,28,0.0001,32,500,Sigmoid(),Sigmoid(),89,0.00018263422624537875,0.0007363373474994053,4.287364482879639,0.000638480624766089
Audio_MNIST,AE_loss_values,2,28,28,0.0001,32,500,Sigmoid(),Sigmoid(),90,0.00018648297616588632,0.0007470112764276564,4.283533811569214,0.000638480624766089
Audio_MNIST,AE_loss_values,2,28,28,0.0001,32,500,Sigmoid(),Sigmoid(),91,0.0001815918198935833,0.0007294987618418721,4.259127616882324,0.000638480624766089
Audio_MNIST,AE_loss_values,2,28,28,0.0001,32,500,Sigmoid(),Sigmoid(),92,0.0001807671100080673,0.000720651611763363,4.2667412757873535,0.000638480624766089
Audio_MNIST,AE_loss_values,2,28,28,0.0001,32,500,Sigmoid(),Sigmoid(),93,0.0001811631745216194,0.0007188247121715297,4.2635016441345215,0.000638480624766089
Audio_MNIST,AE_loss_values,2,28,28,0.0001,32,500,Sigmoid(),Sigmoid(),94,0.0001808378860935894,0.0007211058086055952,4.274232387542725,0.000638480624766089
Audio_MNIST,AE_loss_values,2,28,28,0.0001,32,500,Sigmoid(),Sigmoid(),95,0.00017949046525730713,0.0007113262676284648,4.2604451179504395,0.000638480624766089
Audio_MNIST,AE_loss_values,2,28,28,0.0001,32,500,Sigmoid(),Sigmoid(),96,0.00017837671169218083,0.000721185084063715,4.2591376304626465,0.000638480624766089
Audio_MNIST,AE_loss_values,2,28,28,0.0001,32,500,Sigmoid(),Sigmoid(),97,0.00017809044524559189,0.0007291625956228623,4.266763210296631,0.000638480624766089
Audio_MNIST,AE_loss_values,2,28,28,0.0001,32,500,Sigmoid(),Sigmoid(),98,0.00017658691187959146,0.0007050524537917227,4.268194675445557,0.000638480624766089
Audio_MNIST,AE_loss_values,2,28,28,0.0001,32,500,Sigmoid(),Sigmoid(),99,0.00017497746684663678,0.0007169420322170481,4.267192363739014,0.000638480624766089
Audio_MNIST,AE_loss_values,2,28,28,0.0001,32,500,Sigmoid(),Sigmoid(),100,0.000174463289413931,0.0007084461296908558,4.241448640823364,0.000638480624766089
Audio_MNIST,AE_loss_values,2,28,28,0.0001,32,500,Sigmoid(),Sigmoid(),101,0.00017384818459989523,0.0007000638401368633,4.245017766952515,0.000638480624766089
Audio_MNIST,AE_loss_values,2,28,28,0.0001,32,500,Sigmoid(),Sigmoid(),102,0.00017203811466545935,0.0007039705610659439,4.221698999404907,0.000638480624766089
Audio_MNIST,AE_loss_values,2,28,28,0.0001,32,500,Sigmoid(),Sigmoid(),103,0.0001700373961994046,0.000697058762384889,4.267344951629639,0.000638480624766089
Audio_MNIST,AE_loss_values,2,28,28,0.0001,32,500,Sigmoid(),Sigmoid(),104,0.0001703395939554563,0.0006945822955070374,4.27648401260376,0.000638480624766089
Audio_MNIST,AE_loss_values,2,28,28,0.0001,32,500,Sigmoid(),Sigmoid(),105,0.00017022300491832237,0.0006910221516348732,4.204196214675903,0.000638480624766089
Audio_MNIST,AE_loss_values,2,28,28,0.0001,32,500,Sigmoid(),Sigmoid(),106,0.00016709295603808036,0.0006875353112894421,4.297245502471924,0.000638480624766089
Audio_MNIST,AE_loss_values,2,28,28,0.0001,32,500,Sigmoid(),Sigmoid(),107,0.00016497082539414503,0.0006830077054207019,4.294317007064819,0.000638480624766089
Audio_MNIST,AE_loss_values,2,28,28,0.0001,32,500,Sigmoid(),Sigmoid(),108,0.00016602977286675014,0.0006844800995895639,4.319205284118652,0.000638480624766089
Audio_MNIST,AE_loss_values,2,28,28,0.0001,32,500,Sigmoid(),Sigmoid(),109,0.00016348787925683913,0.0006855135005898774,4.328885316848755,0.000638480624766089
Audio_MNIST,AE_loss_values,2,28,28,0.0001,32,500,Sigmoid(),Sigmoid(),110,0.0001638768581263624,0.000684357827490506,4.296179533004761,0.000638480624766089
Audio_MNIST,AE_loss_values,2,28,28,0.0001,32,500,Sigmoid(),Sigmoid(),111,0.00016199877139115416,0.000673807563483327,4.319892644882202,0.000638480624766089
Audio_MNIST,AE_loss_values,2,28,28,0.0001,32,500,Sigmoid(),Sigmoid(),112,0.00016077991923642306,0.0006785217948102703,4.339628458023071,0.000638480624766089
Audio_MNIST,AE_loss_values,2,28,28,0.0001,32,500,Sigmoid(),Sigmoid(),113,0.00016090004535241557,0.0006730679797862346,4.3390374183654785,0.000638480624766089
Audio_MNIST,AE_loss_values,2,28,28,0.0001,32,500,Sigmoid(),Sigmoid(),114,0.00015855138171961395,0.0006696265410864726,4.351043701171875,0.000638480624766089
Audio_MNIST,AE_loss_values,2,28,28,0.0001,32,500,Sigmoid(),Sigmoid(),115,0.0001601302647122793,0.0006747694465642174,4.372157573699951,0.000638480624766089
Audio_MNIST,AE_loss_values,2,28,28,0.0001,32,500,Sigmoid(),Sigmoid(),116,0.00015780097613848435,0.0006841977313548947,4.393152952194214,0.000638480624766089
Audio_MNIST,AE_loss_values,2,28,28,0.0001,32,500,Sigmoid(),Sigmoid(),117,0.00015671450054802942,0.0006609022507327608,4.3346662521362305,0.000638480624766089
Audio_MNIST,AE_loss_values,2,28,28,0.0001,32,500,Sigmoid(),Sigmoid(),118,0.00015620163082470147,0.0006603537400660571,4.394660949707031,0.000638480624766089
Audio_MNIST,AE_loss_values,2,28,28,0.0001,32,500,Sigmoid(),Sigmoid(),119,0.0001537642765512525,0.0006634034036348263,4.412419080734253,0.000638480624766089
Audio_MNIST,AE_loss_values,2,28,28,0.0001,32,500,Sigmoid(),Sigmoid(),120,0.00015397601737277,0.000656062168670663,4.3753156661987305,0.000638480624766089
Audio_MNIST,AE_loss_values,2,28,28,0.0001,32,500,Sigmoid(),Sigmoid(),121,0.0001526677680121793,0.0006419475223325814,4.400762319564819,0.000638480624766089
Audio_MNIST,AE_loss_values,2,28,28,0.0001,32,500,Sigmoid(),Sigmoid(),122,0.0001550976082313961,0.0006549264170074214,4.414508581161499,0.000638480624766089
Audio_MNIST,AE_loss_values,2,28,28,0.0001,32,500,Sigmoid(),Sigmoid(),123,0.00015201356642501195,0.0006625824981213858,4.453373670578003,0.000638480624766089
Audio_MNIST,AE_loss_values,2,28,28,0.0001,32,500,Sigmoid(),Sigmoid(),124,0.00015118818927354976,0.0006593077091189722,4.371019601821899,0.000638480624766089
Audio_MNIST,AE_loss_values,2,28,28,0.0001,32,500,Sigmoid(),Sigmoid(),125,0.00015180485166789974,0.0006549301543273032,4.37297797203064,0.000638480624766089
Audio_MNIST,AE_loss_values,2,28,28,0.0001,32,500,Sigmoid(),Sigmoid(),126,0.0001486953031747665,0.0006390100183004203,4.415968656539917,0.000638480624766089
Audio_MNIST,AE_loss_values,2,28,28,0.0001,32,500,Sigmoid(),Sigmoid(),127,0.00015013413420820142,0.0006431949865072966,4.393927812576294,0.000638480624766089
Audio_MNIST,AE_loss_values,2,28,28,0.0001,32,500,Sigmoid(),Sigmoid(),128,0.0001477187630929014,0.0006410893261975919,4.405621290206909,0.000638480624766089
Audio_MNIST,AE_loss_values,2,28,28,0.0001,32,500,Sigmoid(),Sigmoid(),129,0.0001450607333493584,0.000636032374187683,4.421154022216797,0.000638480624766089
Audio_MNIST,AE_loss_values,2,28,28,0.0001,32,500,Sigmoid(),Sigmoid(),130,0.00014475160819347365,0.000650733478765081,4.427300214767456,0.000638480624766089
Audio_MNIST,AE_loss_values,2,28,28,0.0001,32,500,Sigmoid(),Sigmoid(),131,0.00014646155493210243,0.000637483134943371,4.433174133300781,0.000638480624766089
Audio_MNIST,AE_loss_values,2,28,28,0.0001,32,500,Sigmoid(),Sigmoid(),132,0.00014608534601514596,0.0006426966706834113,4.441061735153198,0.000638480624766089
Audio_MNIST,AE_loss_values,2,28,28,0.0001,32,500,Sigmoid(),Sigmoid(),133,0.00014327304927610384,0.0006405451283499132,4.458844184875488,0.000638480624766089
Audio_MNIST,AE_loss_values,2,28,28,0.0001,32,500,Sigmoid(),Sigmoid(),134,0.00014260440620364535,0.0006423013508319855,4.484900951385498,0.000638480624766089
Audio_MNIST,AE_loss_values,2,28,28,0.0001,32,500,Sigmoid(),Sigmoid(),135,0.00014185338157343116,0.0006499731981894001,4.49135422706604,0.000638480624766089
Audio_MNIST,AE_loss_values,2,28,28,0.0001,32,500,Sigmoid(),Sigmoid(),136,0.00014255477551068906,0.0006325878855617096,4.515775918960571,0.000638480624766089
Audio_MNIST,AE_loss_values,2,28,28,0.0001,32,500,Sigmoid(),Sigmoid(),137,0.00013944077124809458,0.0006260815918212757,4.52286696434021,0.000638480624766089
Audio_MNIST,AE_loss_values,2,28,28,0.0001,32,500,Sigmoid(),Sigmoid(),138,0.0001387715086815054,0.000638950950698927,4.495589971542358,0.000638480624766089
Audio_MNIST,AE_loss_values,2,28,28,0.0001,32,500,Sigmoid(),Sigmoid(),139,0.0001385741001098116,0.0006352037199152012,4.505752325057983,0.000638480624766089
Audio_MNIST,AE_loss_values,2,28,28,0.0001,32,500,Sigmoid(),Sigmoid(),140,0.0001388036421058132,0.0006358506269947005,4.51430082321167,0.000638480624766089
Audio_MNIST,AE_loss_values,2,28,28,0.0001,32,500,Sigmoid(),Sigmoid(),141,0.00013795814474663832,0.0006298621644188339,4.509595632553101,0.000638480624766089
Audio_MNIST,AE_loss_values,2,28,28,0.0001,32,500,Sigmoid(),Sigmoid(),142,0.00013805851900057557,0.0006263670813447485,4.520268440246582,0.000638480624766089
Audio_MNIST,AE_loss_values,2,28,28,0.0001,32,500,Sigmoid(),Sigmoid(),143,0.00013471050206195892,0.0006346359250407356,4.611734867095947,0.000638480624766089
Audio_MNIST,AE_loss_values,2,28,28,0.0001,32,500,Sigmoid(),Sigmoid(),144,0.0001367184525867439,0.0006365536471906429,4.8277833461761475,0.000638480624766089
Audio_MNIST,AE_loss_values,2,28,28,0.0001,32,500,Sigmoid(),Sigmoid(),145,0.0001360538737008028,0.0006298095741464446,4.794060230255127,0.000638480624766089
Audio_MNIST,AE_loss_values,2,28,28,0.0001,32,500,Sigmoid(),Sigmoid(),146,0.00013734082960945672,0.0006488793178577908,4.794543504714966,0.000638480624766089
Audio_MNIST,AE_loss_values,2,28,28,0.0001,32,500,Sigmoid(),Sigmoid(),147,0.00013610358033171603,0.0006325133024365641,4.585366725921631,0.000638480624766089
Audio_MNIST,AE_loss_values,2,28,28,0.0001,32,500,Sigmoid(),Sigmoid(),148,0.00013147133559202,0.0006158302743375922,4.618498086929321,0.000638480624766089
Audio_MNIST,AE_loss_values,2,28,28,0.0001,32,500,Sigmoid(),Sigmoid(),149,0.00013059557781404388,0.0006261123733517403,4.5916337966918945,0.000638480624766089
Audio_MNIST,AE_loss_values,2,28,28,0.0001,32,500,Sigmoid(),Sigmoid(),150,0.0001301722761633452,0.000630990112219782,4.623712539672852,0.000638480624766089
Audio_MNIST,AE_loss_values,2,28,28,0.0001,32,500,Sigmoid(),Sigmoid(),151,0.00013488127477345795,0.0006045422124055525,4.583802223205566,0.000638480624766089
Audio_MNIST,AE_loss_values,2,28,28,0.0001,32,500,Sigmoid(),Sigmoid(),152,0.00012841602267872076,0.0006093769654398784,4.6099853515625,0.000638480624766089
Audio_MNIST,AE_loss_values,2,28,28,0.0001,32,500,Sigmoid(),Sigmoid(),153,0.0001286273050785288,0.0006165571062592789,4.589049577713013,0.000638480624766089
Audio_MNIST,AE_loss_values,2,28,28,0.0001,32,500,Sigmoid(),Sigmoid(),154,0.0001288720275564022,0.0006187008981748173,4.586962938308716,0.000638480624766089
Audio_MNIST,AE_loss_values,2,28,28,0.0001,32,500,Sigmoid(),Sigmoid(),155,0.0001272360427719832,0.0006249100189112748,4.613175630569458,0.000638480624766089
Audio_MNIST,AE_loss_values,2,28,28,0.0001,32,500,Sigmoid(),Sigmoid(),156,0.00012905788920822186,0.0006183317078684922,4.610143184661865,0.000638480624766089
Audio_MNIST,AE_loss_values,2,28,28,0.0001,32,500,Sigmoid(),Sigmoid(),157,0.00012997273281386393,0.0006135207470700455,4.65361475944519,0.000638480624766089
Audio_MNIST,AE_loss_values,2,28,28,0.0001,32,500,Sigmoid(),Sigmoid(),158,0.0001287631142489166,0.0006113033225798669,4.664067029953003,0.000638480624766089
Audio_MNIST,AE_loss_values,2,28,28,0.0001,32,500,Sigmoid(),Sigmoid(),159,0.0001276781780810173,0.0006210976130290268,4.665618658065796,0.000638480624766089
Audio_MNIST,AE_loss_values,2,28,28,0.0001,32,500,Sigmoid(),Sigmoid(),160,0.00012722515168449414,0.0006219873708129551,4.6640613079071045,0.000638480624766089
Audio_MNIST,AE_loss_values,2,28,28,0.0001,32,500,Sigmoid(),Sigmoid(),161,0.0001241040207420762,0.0006358593701394663,4.667776346206665,0.000638480624766089
Audio_MNIST,AE_loss_values,2,28,28,0.0001,32,500,Sigmoid(),Sigmoid(),162,0.0001269294434544766,0.0006171963590701732,4.633546829223633,0.000638480624766089
Audio_MNIST,AE_loss_values,2,28,28,0.0001,32,500,Sigmoid(),Sigmoid(),163,0.00012394184913258263,0.0006074973555514589,4.688608884811401,0.000638480624766089
Audio_MNIST,AE_loss_values,2,28,28,0.0001,32,500,Sigmoid(),Sigmoid(),164,0.0001241610587279259,0.0006226425092318096,4.722238302230835,0.000638480624766089
Audio_MNIST,AE_loss_values,2,28,28,0.0001,32,500,Sigmoid(),Sigmoid(),165,0.0001290428644200195,0.000629525773304825,4.714117765426636,0.000638480624766089
Audio_MNIST,AE_loss_values,2,28,28,0.0001,32,500,Sigmoid(),Sigmoid(),166,0.00012415473527835273,0.0006223901130142621,4.72222638130188,0.000638480624766089
Audio_MNIST,AE_loss_values,2,28,28,0.0001,32,500,Sigmoid(),Sigmoid(),167,0.0001212428011394877,0.000629079521187426,4.717716693878174,0.000638480624766089
Audio_MNIST,AE_loss_values,2,28,28,0.0001,32,500,Sigmoid(),Sigmoid(),168,0.00012118363491693647,0.0006221272498951293,4.768059253692627,0.000638480624766089
Audio_MNIST,AE_loss_values,2,28,28,0.0001,32,500,Sigmoid(),Sigmoid(),169,0.00012161636676622341,0.0006869733586887984,4.735530138015747,0.000638480624766089
Audio_MNIST,AE_loss_values,2,28,28,0.0001,32,500,Sigmoid(),Sigmoid(),170,0.00012381013306973424,0.0006137220506789163,4.731834173202515,0.000638480624766089
Audio_MNIST,AE_loss_values,2,28,28,0.0001,32,500,Sigmoid(),Sigmoid(),171,0.0001221098351646409,0.0006887971271838372,4.727066278457642,0.000638480624766089
Audio_MNIST,AE_loss_values,2,28,28,0.0001,32,500,Sigmoid(),Sigmoid(),172,0.00012169344294367572,0.0006083632571001848,4.717720985412598,0.000638480624766089
Audio_MNIST,AE_loss_values,2,28,28,0.0001,32,500,Sigmoid(),Sigmoid(),173,0.00011997078264115165,0.0006270689857580388,4.7280402183532715,0.000638480624766089
Audio_MNIST,AE_loss_values,2,28,28,0.0001,32,500,Sigmoid(),Sigmoid(),174,0.00011917068777681076,0.0006463026080940229,4.735037088394165,0.000638480624766089
Audio_MNIST,AE_loss_values,2,28,28,0.0001,32,500,Sigmoid(),Sigmoid(),175,0.00011879440993228248,0.0006340223206983258,4.7424376010894775,0.000638480624766089
Audio_MNIST,AE_loss_values,2,28,28,0.0001,32,500,Sigmoid(),Sigmoid(),176,0.00011986862273473282,0.0006361582605944326,4.815602779388428,0.000638480624766089
Audio_MNIST,AE_loss_values,2,28,28,0.0001,32,500,Sigmoid(),Sigmoid(),177,0.00012285146579051797,0.0006319256284429382,4.797484874725342,0.000638480624766089
Audio_MNIST,AE_loss_values,2,28,28,0.0001,32,500,Sigmoid(),Sigmoid(),178,0.0001227823836237197,0.0006237344954085226,4.812681674957275,0.000638480624766089
Audio_MNIST,AE_loss_values,2,28,28,0.0001,32,500,Sigmoid(),Sigmoid(),179,0.00011594884317916391,0.0006229968666254232,4.823232650756836,0.000638480624766089
Audio_MNIST,AE_loss_values,2,28,28,0.0001,32,500,Sigmoid(),Sigmoid(),180,0.00012049052635272044,0.0006512766653322615,4.84239387512207,0.000638480624766089
Audio_MNIST,AE_loss_values,2,28,28,0.0001,32,500,Sigmoid(),Sigmoid(),181,0.00012147410976649553,0.0006491671431576833,4.841053247451782,0.000638480624766089
Audio_MNIST,AE_loss_values,2,28,28,0.0001,32,500,Sigmoid(),Sigmoid(),182,0.00011698766640620306,0.0006383668427782443,4.84768009185791,0.000638480624766089
Audio_MNIST,AE_loss_values,2,28,28,0.0001,32,500,Sigmoid(),Sigmoid(),183,0.00011579890788349682,0.0006117839981840613,4.832568883895874,0.000638480624766089
Audio_MNIST,AE_loss_values,2,28,28,0.0001,32,500,Sigmoid(),Sigmoid(),184,0.0001148136114437269,0.0006312869281003562,4.8287413120269775,0.000638480624766089
Audio_MNIST,AE_loss_values,2,28,28,0.0001,32,500,Sigmoid(),Sigmoid(),185,0.00011526349653346794,0.000606905038759578,4.836465120315552,0.000638480624766089
Audio_MNIST,AE_loss_values,2,28,28,0.0001,32,500,Sigmoid(),Sigmoid(),186,0.00011555117766147305,0.000635234141111141,5.064005374908447,0.000638480624766089
Audio_MNIST,AE_loss_values,2,28,28,0.0001,32,500,Sigmoid(),Sigmoid(),187,0.00011578754473399991,0.0006228903602653493,5.067413091659546,0.000638480624766089
Audio_MNIST,AE_loss_values,2,28,28,0.0001,32,500,Sigmoid(),Sigmoid(),188,0.00012134363326125216,0.0006125902485412856,4.811120271682739,0.000638480624766089
Audio_MNIST,AE_loss_values,2,28,28,0.0001,32,500,Sigmoid(),Sigmoid(),189,0.00011459648179940511,0.0006071213303948753,4.807223081588745,0.000638480624766089
Audio_MNIST,AE_loss_values,2,28,28,0.0001,32,500,Sigmoid(),Sigmoid(),190,0.00011230513087806078,0.0006014324586334017,4.792748928070068,0.000638480624766089
Audio_MNIST,AE_loss_values,2,28,28,0.0001,32,500,Sigmoid(),Sigmoid(),191,0.00011537832516478375,0.0006105704313182893,4.789865493774414,0.000638480624766089
Audio_MNIST,AE_loss_values,2,28,28,0.0001,32,500,Sigmoid(),Sigmoid(),192,0.00011334067627043017,0.0006071268081820259,4.802844285964966,0.000638480624766089
Audio_MNIST,AE_loss_values,2,28,28,0.0001,32,500,Sigmoid(),Sigmoid(),193,0.00011215894697700909,0.0006294498572145433,4.804945468902588,0.000638480624766089
Audio_MNIST,AE_loss_values,2,28,28,0.0001,32,500,Sigmoid(),Sigmoid(),194,0.00011797074269543373,0.0006341393704642541,4.804868459701538,0.000638480624766089
Audio_MNIST,AE_loss_values,2,28,28,0.0001,32,500,Sigmoid(),Sigmoid(),195,0.0001124852956321168,0.0006084438237594441,4.788352727890015,0.000638480624766089
Audio_MNIST,AE_loss_values,2,28,28,0.0001,32,500,Sigmoid(),Sigmoid(),196,0.00011086231244553346,0.0006126157898300638,4.820410490036011,0.000638480624766089
Audio_MNIST,AE_loss_values,2,28,28,0.0001,32,500,Sigmoid(),Sigmoid(),197,0.00011543386671564804,0.0006220624700654298,4.823654890060425,0.000638480624766089
Audio_MNIST,AE_loss_values,2,28,28,0.0001,32,500,Sigmoid(),Sigmoid(),198,0.0001125759806024386,0.0006295299322810024,4.83192253112793,0.000638480624766089
Audio_MNIST,AE_loss_values,2,28,28,0.0001,32,500,Sigmoid(),Sigmoid(),199,0.00010990766136395299,0.0006245378114981577,4.828880548477173,0.000638480624766089
Audio_MNIST,AE_loss_values,2,28,28,0.0001,32,500,Sigmoid(),Sigmoid(),200,0.00011104177338226388,0.0006300485757334778,4.803046703338623,0.000638480624766089
Audio_MNIST,AE_loss_values,2,28,28,0.0001,32,500,Sigmoid(),Sigmoid(),201,0.00011053478455748215,0.0006343079067883081,4.799090623855591,0.000638480624766089
Audio_MNIST,AE_loss_values,2,28,28,0.0001,32,500,Sigmoid(),Sigmoid(),202,0.00011066041052526997,0.0006050307540766274,4.779245138168335,0.000638480624766089
Audio_MNIST,AE_loss_values,2,28,28,0.0001,32,500,Sigmoid(),Sigmoid(),203,0.00010962016516532458,0.0006219506245106459,4.766118049621582,0.000638480624766089
Audio_MNIST,AE_loss_values,2,28,28,0.0001,32,500,Sigmoid(),Sigmoid(),204,0.00011446906191910482,0.0006071807410723219,4.751806020736694,0.000638480624766089
Audio_MNIST,AE_loss_values,2,28,28,0.0001,32,500,Sigmoid(),Sigmoid(),205,0.00010903618449689627,0.0006162039733802279,4.754928827285767,0.000638480624766089
Audio_MNIST,AE_loss_values,2,28,28,0.0001,32,500,Sigmoid(),Sigmoid(),206,0.00011040232405260516,0.000651526996147974,4.7626259326934814,0.000638480624766089
Audio_MNIST,AE_loss_values,2,28,28,0.0001,32,500,Sigmoid(),Sigmoid(),207,0.00010929131556561819,0.0006221400500896077,4.768224000930786,0.000638480624766089
Audio_MNIST,AE_loss_values,2,28,28,0.0001,32,500,Sigmoid(),Sigmoid(),208,0.00010779467862388023,0.0006149378134480988,4.773594856262207,0.000638480624766089
Audio_MNIST,AE_loss_values,2,28,28,0.0001,32,500,Sigmoid(),Sigmoid(),209,0.00010697169747618318,0.0006134441047130774,4.784053802490234,0.000638480624766089
Audio_MNIST,AE_loss_values,2,28,28,0.0001,32,500,Sigmoid(),Sigmoid(),210,0.00010900892152555268,0.0006069478729817396,4.792493581771851,0.000638480624766089
Audio_MNIST,AE_loss_values,2,28,28,0.0001,32,500,Sigmoid(),Sigmoid(),211,0.00010991617101232502,0.0006201680101415453,4.8021240234375,0.000638480624766089
Audio_MNIST,AE_loss_values,2,28,28,0.0001,32,500,Sigmoid(),Sigmoid(),212,0.00011251962677154855,0.0006037576572271064,4.7838170528411865,0.000638480624766089
Audio_MNIST,AE_loss_values,2,28,28,0.0001,32,500,Sigmoid(),Sigmoid(),213,0.00010619887882603507,0.0006154151446729277,4.826062917709351,0.000638480624766089
Audio_MNIST,AE_loss_values,2,28,28,0.0001,32,500,Sigmoid(),Sigmoid(),214,0.0001052873384232953,0.0006250032615886691,4.8228440284729,0.000638480624766089
Audio_MNIST,AE_loss_values,2,28,28,0.0001,32,500,Sigmoid(),Sigmoid(),215,0.00010618833612412951,0.0006148610271047801,4.832578659057617,0.000638480624766089
Audio_MNIST,AE_loss_values,2,28,28,0.0001,32,500,Sigmoid(),Sigmoid(),216,0.00010556163416610312,0.0006204120709444396,4.829364538192749,0.000638480624766089
Audio_MNIST,AE_loss_values,2,28,28,0.0001,32,500,Sigmoid(),Sigmoid(),217,0.00010774835391809271,0.0006095292736232902,4.855674982070923,0.000638480624766089
Audio_MNIST,AE_loss_values,2,28,28,0.0001,32,500,Sigmoid(),Sigmoid(),218,0.00010473449313758464,0.0006332517349704479,4.839038610458374,0.000638480624766089
Audio_MNIST,AE_loss_values,2,28,28,0.0001,32,500,Sigmoid(),Sigmoid(),219,0.00010498969779291655,0.0006034324487748866,4.819007396697998,0.000638480624766089
Audio_MNIST,AE_loss_values,2,28,28,0.0001,32,500,Sigmoid(),Sigmoid(),220,0.00010467758970541278,0.0006174956243485213,4.822460889816284,0.000638480624766089
Audio_MNIST,AE_loss_values,2,28,28,0.0001,32,500,Sigmoid(),Sigmoid(),221,0.00010596092837658944,0.0006017293438975079,4.826929807662964,0.000638480624766089
Audio_MNIST,AE_loss_values,2,28,28,0.0001,32,500,Sigmoid(),Sigmoid(),222,0.00010672256943568452,0.0006119861945432301,4.828081130981445,0.000638480624766089
Audio_MNIST,AE_loss_values,2,28,28,0.0001,32,500,Sigmoid(),Sigmoid(),223,0.00010690270025588689,0.0006057544439099729,4.841907978057861,0.000638480624766089
Audio_MNIST,AE_loss_values,2,28,28,0.0001,32,500,Sigmoid(),Sigmoid(),224,0.00010788106102578846,0.0006284544691443443,4.834780216217041,0.000638480624766089
Audio_MNIST,AE_loss_values,2,28,28,0.0001,32,500,Sigmoid(),Sigmoid(),225,0.00010795380450448041,0.0006083152922413622,4.844636678695679,0.000638480624766089
Audio_MNIST,AE_loss_values,2,28,28,0.0001,32,500,Sigmoid(),Sigmoid(),226,0.00010337938679610185,0.0006182432383066044,4.851469993591309,0.000638480624766089
Audio_MNIST,AE_loss_values,2,28,28,0.0001,32,500,Sigmoid(),Sigmoid(),227,0.00010378610976840719,0.0006111000269302167,4.887038469314575,0.000638480624766089
Audio_MNIST,AE_loss_values,2,28,28,0.0001,32,500,Sigmoid(),Sigmoid(),228,0.00010267791940592966,0.0006217731730818438,4.907631874084473,0.000638480624766089
Audio_MNIST,AE_loss_values,2,28,28,0.0001,32,500,Sigmoid(),Sigmoid(),229,0.00010231023851095719,0.0006046420251950621,4.923283576965332,0.000638480624766089
Audio_MNIST,AE_loss_values,2,28,28,0.0001,32,500,Sigmoid(),Sigmoid(),230,0.00010340096859393574,0.0006336835455925514,4.923057317733765,0.000638480624766089
Audio_MNIST,AE_loss_values,2,28,28,0.0001,32,500,Sigmoid(),Sigmoid(),231,0.00010363204108155817,0.0006175246281200089,4.93134069442749,0.000638480624766089
Audio_MNIST,AE_loss_values,2,28,28,0.0001,32,500,Sigmoid(),Sigmoid(),232,0.00010188059287853927,0.0006261797195766121,4.922483444213867,0.000638480624766089
Audio_MNIST,AE_loss_values,2,28,28,0.0001,32,500,Sigmoid(),Sigmoid(),233,0.00010398046480198294,0.0006003211685989906,4.926181793212891,0.000638480624766089
Audio_MNIST,AE_loss_values,2,28,28,0.0001,32,500,Sigmoid(),Sigmoid(),234,0.0001019791218653457,0.0006194657299201935,4.94193172454834,0.000638480624766089
Audio_MNIST,AE_loss_values,2,28,28,0.0001,32,500,Sigmoid(),Sigmoid(),235,9.997107785056869e-05,0.0006061119852626386,4.95248818397522,0.000638480624766089
Audio_MNIST,AE_loss_values,2,28,28,0.0001,32,500,Sigmoid(),Sigmoid(),236,0.00010243338815750274,0.000612596774008125,4.957271575927734,0.000638480624766089
Audio_MNIST,AE_loss_values,2,28,28,0.0001,32,500,Sigmoid(),Sigmoid(),237,0.00010479571021399654,0.0006310557588682666,4.962018966674805,0.000638480624766089
Audio_MNIST,AE_loss_values,2,28,28,0.0001,32,500,Sigmoid(),Sigmoid(),238,0.00010210310051782774,0.0006246941145897532,4.964508533477783,0.000638480624766089
Audio_MNIST,AE_loss_values,2,28,28,0.0001,32,500,Sigmoid(),Sigmoid(),239,0.00010081163031069687,0.0006178767217982871,4.955877780914307,0.000638480624766089
Audio_MNIST,AE_loss_values,2,28,28,0.0001,32,500,Sigmoid(),Sigmoid(),240,0.00010100362105185923,0.0006203903707404,4.970553636550903,0.000638480624766089
Audio_MNIST,AE_loss_values,2,28,28,0.0001,32,500,Sigmoid(),Sigmoid(),241,0.00010076004045034399,0.0005906475602241698,4.958801507949829,0.000638480624766089
Audio_MNIST,AE_loss_values,2,28,28,0.0001,32,500,Sigmoid(),Sigmoid(),242,9.930066405468097e-05,0.0006327275537187234,4.969291687011719,0.000638480624766089
Audio_MNIST,AE_loss_values,2,28,28,0.0001,32,500,Sigmoid(),Sigmoid(),243,0.00010159488128859569,0.0006193359398069636,4.972609043121338,0.000638480624766089
Audio_MNIST,AE_loss_values,2,28,28,0.0001,32,500,Sigmoid(),Sigmoid(),244,0.00010409966747677876,0.0006113559288981681,4.976059675216675,0.000638480624766089
Audio_MNIST,AE_loss_values,2,28,28,0.0001,32,500,Sigmoid(),Sigmoid(),245,9.864010991562585e-05,0.0006192288831419622,4.960866928100586,0.000638480624766089
Audio_MNIST,AE_loss_values,2,28,28,0.0001,32,500,Sigmoid(),Sigmoid(),246,0.00010444933204962581,0.0005916958446420419,4.949269533157349,0.000638480624766089
Audio_MNIST,AE_loss_values,2,28,28,0.0001,32,500,Sigmoid(),Sigmoid(),247,9.889697320947259e-05,0.0006250428170897067,4.960182189941406,0.000638480624766089
Audio_MNIST,AE_loss_values,2,28,28,0.0001,32,500,Sigmoid(),Sigmoid(),248,9.817743547318969e-05,0.0006270893387263641,4.979026794433594,0.000638480624766089
Audio_MNIST,AE_loss_values,2,28,28,0.0001,32,500,Sigmoid(),Sigmoid(),249,9.783239295393287e-05,0.0006285440245216402,4.9725470542907715,0.000638480624766089
Audio_MNIST,AE_loss_values,2,28,28,0.0001,32,500,Sigmoid(),Sigmoid(),250,9.888735730479918e-05,0.0006323606987619617,4.97269344329834,0.000638480624766089
Audio_MNIST,AE_loss_values,2,28,28,0.0001,32,500,Sigmoid(),Sigmoid(),251,9.973651516459843e-05,0.0006400019000284374,4.983441591262817,0.000638480624766089
Audio_MNIST,AE_loss_values,2,28,28,0.0001,32,500,Sigmoid(),Sigmoid(),252,9.887319911346519e-05,0.0006321968706906773,4.991754770278931,0.000638480624766089
Audio_MNIST,AE_loss_values,2,28,28,0.0001,32,500,Sigmoid(),Sigmoid(),253,0.00010155076844845705,0.000608738881885074,4.984495639801025,0.000638480624766089
Audio_MNIST,AE_loss_values,2,28,28,0.0001,32,500,Sigmoid(),Sigmoid(),254,9.704321587317585e-05,0.0006166412296976584,4.969538450241089,0.000638480624766089
Audio_MNIST,AE_loss_values,2,28,28,0.0001,32,500,Sigmoid(),Sigmoid(),255,9.739422811374728e-05,0.0006256567745779951,4.973429203033447,0.000638480624766089
Audio_MNIST,AE_loss_values,2,28,28,0.0001,32,500,Sigmoid(),Sigmoid(),256,9.681396619938218e-05,0.0006170824906827571,4.976007461547852,0.000638480624766089
Audio_MNIST,AE_loss_values,2,28,28,0.0001,32,500,Sigmoid(),Sigmoid(),257,0.00010165330279414774,0.0006272173762360277,4.984960079193115,0.000638480624766089
Audio_MNIST,AE_loss_values,2,28,28,0.0001,32,500,Sigmoid(),Sigmoid(),258,9.740206671419098e-05,0.0006435749056011748,4.9668190479278564,0.000638480624766089
Audio_MNIST,AE_loss_values,2,28,28,0.0001,32,500,Sigmoid(),Sigmoid(),259,9.617417806839512e-05,0.0006036157571555425,4.994844913482666,0.000638480624766089
Audio_MNIST,AE_loss_values,2,28,28,0.0001,32,500,Sigmoid(),Sigmoid(),260,9.536238135297027e-05,0.0006170428913707534,4.965789794921875,0.000638480624766089
Audio_MNIST,AE_loss_values,2,28,28,0.0001,32,500,Sigmoid(),Sigmoid(),261,9.98832874368721e-05,0.0006186896637276125,4.962062358856201,0.000638480624766089
Audio_MNIST,AE_loss_values,2,28,28,0.0001,32,500,Sigmoid(),Sigmoid(),262,9.637088747876988e-05,0.000636400335196716,4.973216772079468,0.000638480624766089
Audio_MNIST,AE_loss_values,2,28,28,0.0001,32,500,Sigmoid(),Sigmoid(),263,9.897459805445881e-05,0.0006067077072996956,4.9645397663116455,0.000638480624766089
Audio_MNIST,AE_loss_values,2,28,28,0.0001,32,500,Sigmoid(),Sigmoid(),264,9.492502973929125e-05,0.0006022441585664637,4.971630573272705,0.000638480624766089
Audio_MNIST,AE_loss_values,2,28,28,0.0001,32,500,Sigmoid(),Sigmoid(),265,9.593443683358297e-05,0.0006236358696478419,4.988085985183716,0.000638480624766089
Audio_MNIST,AE_loss_values,2,28,28,0.0001,32,500,Sigmoid(),Sigmoid(),266,9.760245656495196e-05,0.0006161689303892975,4.979158163070679,0.000638480624766089
Audio_MNIST,AE_loss_values,2,28,28,0.0001,32,500,Sigmoid(),Sigmoid(),267,9.46922617489084e-05,0.0006098081549086297,4.988183498382568,0.000638480624766089
Audio_MNIST,AE_loss_values,2,28,28,0.0001,32,500,Sigmoid(),Sigmoid(),268,9.523058011048609e-05,0.000614989827037789,5.0017454624176025,0.000638480624766089
Audio_MNIST,AE_loss_values,2,28,28,0.0001,32,500,Sigmoid(),Sigmoid(),269,9.835676086822787e-05,0.0006175733335743038,5.006087303161621,0.000638480624766089
Audio_MNIST,AE_loss_values,2,28,28,0.0001,32,500,Sigmoid(),Sigmoid(),270,9.823522198409289e-05,0.0006232953369229411,5.000664949417114,0.000638480624766089
Audio_MNIST,AE_loss_values,2,28,28,0.0001,32,500,Sigmoid(),Sigmoid(),271,9.477647383118893e-05,0.0006042752051725983,4.996507883071899,0.000638480624766089
Audio_MNIST,AE_loss_values,2,28,28,0.0001,32,500,Sigmoid(),Sigmoid(),272,9.422963488153376e-05,0.0006032060394063592,5.0248401165008545,0.000638480624766089
Audio_MNIST,AE_loss_values,2,28,28,0.0001,32,500,Sigmoid(),Sigmoid(),273,9.316485341848117e-05,0.000626633726079793,5.006735563278198,0.000638480624766089
Audio_MNIST,AE_loss_values,2,28,28,0.0001,32,500,Sigmoid(),Sigmoid(),274,9.318966838812533e-05,0.000611517934439083,5.014111518859863,0.000638480624766089
Audio_MNIST,AE_loss_values,2,28,28,0.0001,32,500,Sigmoid(),Sigmoid(),275,9.605248102707265e-05,0.000614497895934619,5.032629489898682,0.000638480624766089
Audio_MNIST,AE_loss_values,2,28,28,0.0001,32,500,Sigmoid(),Sigmoid(),276,9.606494677821805e-05,0.0006285841529800867,5.024317502975464,0.000638480624766089
Audio_MNIST,AE_loss_values,2,28,28,0.0001,32,500,Sigmoid(),Sigmoid(),277,9.419851228691793e-05,0.0005940474215894938,5.014958620071411,0.000638480624766089
Audio_MNIST,AE_loss_values,2,28,28,0.0001,32,500,Sigmoid(),Sigmoid(),278,9.740359230818285e-05,0.0006199050122716774,5.020631790161133,0.000638480624766089
Audio_MNIST,AE_loss_values,2,28,28,0.0001,32,500,Sigmoid(),Sigmoid(),279,9.315397757654864e-05,0.0006124482783391917,5.020894527435303,0.000638480624766089
Audio_MNIST,AE_loss_values,2,28,28,0.0001,32,500,Sigmoid(),Sigmoid(),280,9.257435745742744e-05,0.0006283439134325211,5.015824794769287,0.000638480624766089
Audio_MNIST,AE_loss_values,2,28,28,0.0001,32,500,Sigmoid(),Sigmoid(),281,9.953405243322778e-05,0.0006177750386414118,5.02597975730896,0.000638480624766089
Audio_MNIST,AE_loss_values,2,28,28,0.0001,32,500,Sigmoid(),Sigmoid(),282,9.26518623064112e-05,0.0006160878171018946,5.027377128601074,0.000638480624766089
Audio_MNIST,AE_loss_values,2,28,28,0.0001,32,500,Sigmoid(),Sigmoid(),283,9.201257624257171e-05,0.0006198350995740232,5.027702331542969,0.000638480624766089
Audio_MNIST,AE_loss_values,2,28,28,0.0001,32,500,Sigmoid(),Sigmoid(),284,9.13964102655882e-05,0.0006158862675268513,5.036877632141113,0.000638480624766089
Audio_MNIST,AE_loss_values,2,28,28,0.0001,32,500,Sigmoid(),Sigmoid(),285,9.353242089188521e-05,0.0006433642949365701,5.019026756286621,0.000638480624766089
Audio_MNIST,AE_loss_values,2,28,28,0.0001,32,500,Sigmoid(),Sigmoid(),286,9.39100847311541e-05,0.000618431111681275,5.028834342956543,0.000638480624766089
Audio_MNIST,AE_loss_values,2,28,28,0.0001,32,500,Sigmoid(),Sigmoid(),287,9.16570556970934e-05,0.0006335214309122724,5.039593696594238,0.000638480624766089
Audio_MNIST,AE_loss_values,2,28,28,0.0001,32,500,Sigmoid(),Sigmoid(),288,9.292214161905576e-05,0.0006200852796124915,5.041834831237793,0.000638480624766089
Audio_MNIST,AE_loss_values,2,28,28,0.0001,32,500,Sigmoid(),Sigmoid(),289,9.270819362124409e-05,0.0006153958927219113,5.091393947601318,0.000638480624766089
Audio_MNIST,AE_loss_values,2,28,28,0.0001,32,500,Sigmoid(),Sigmoid(),290,9.761527438483123e-05,0.0006218986841364919,5.049659967422485,0.000638480624766089
Audio_MNIST,AE_loss_values,2,28,28,0.0001,32,500,Sigmoid(),Sigmoid(),291,9.475153767137575e-05,0.0006135166280243236,5.048234939575195,0.000638480624766089
Audio_MNIST,AE_loss_values,2,28,28,0.0001,32,500,Sigmoid(),Sigmoid(),292,9.001620810340682e-05,0.0006200574317287343,5.053883790969849,0.000638480624766089
Audio_MNIST,AE_loss_values,2,28,28,0.0001,32,500,Sigmoid(),Sigmoid(),293,9.04236672231491e-05,0.0006116212073829957,5.06101655960083,0.000638480624766089
Audio_MNIST,AE_loss_values,2,28,28,0.0001,32,500,Sigmoid(),Sigmoid(),294,9.052299745599157e-05,0.0006181617465335875,5.062568664550781,0.000638480624766089
Audio_MNIST,AE_loss_values,2,28,28,0.0001,32,500,Sigmoid(),Sigmoid(),295,9.192009379088026e-05,0.000634701482912836,5.0749382972717285,0.000638480624766089
Audio_MNIST,AE_loss_values,2,28,28,0.0001,32,500,Sigmoid(),Sigmoid(),296,9.193486473789866e-05,0.000605551799890236,5.06115460395813,0.000638480624766089
Audio_MNIST,AE_loss_values,2,28,28,0.0001,32,500,Sigmoid(),Sigmoid(),297,9.063688969035866e-05,0.0006116918669625496,5.05135178565979,0.000638480624766089
Audio_MNIST,AE_loss_values,2,28,28,0.0001,32,500,Sigmoid(),Sigmoid(),298,9.111166046962656e-05,0.0006098214894494353,5.044172286987305,0.000638480624766089
Audio_MNIST,AE_loss_values,2,28,28,0.0001,32,500,Sigmoid(),Sigmoid(),299,9.066662212717347e-05,0.0006247254138773618,5.052738428115845,0.000638480624766089
Audio_MNIST,AE_loss_values,2,28,28,0.0001,32,500,Sigmoid(),Sigmoid(),300,9.406639400488833e-05,0.0006101102793666845,5.049213886260986,0.000638480624766089
Audio_MNIST,AE_loss_values,2,28,28,0.0001,32,500,Sigmoid(),Sigmoid(),301,8.895977710502242e-05,0.0006080568488881302,5.054457902908325,0.000638480624766089
Audio_MNIST,AE_loss_values,2,28,28,0.0001,32,500,Sigmoid(),Sigmoid(),302,9.582467158907093e-05,0.0006196139902264501,5.063128471374512,0.000638480624766089
Audio_MNIST,AE_loss_values,2,28,28,0.0001,32,500,Sigmoid(),Sigmoid(),303,9.10990998803148e-05,0.0006538891831878573,5.059839248657227,0.000638480624766089
Audio_MNIST,AE_loss_values,2,28,28,0.0001,32,500,Sigmoid(),Sigmoid(),304,8.957022788854374e-05,0.0005957721038333451,5.081920146942139,0.000638480624766089
Audio_MNIST,AE_loss_values,2,28,28,0.0001,32,500,Sigmoid(),Sigmoid(),305,8.903658579583861e-05,0.0006209131594514474,5.058358907699585,0.000638480624766089
Audio_MNIST,AE_loss_values,2,28,28,0.0001,32,500,Sigmoid(),Sigmoid(),306,8.950914234871258e-05,0.0006263314650083581,5.055063486099243,0.000638480624766089
Audio_MNIST,AE_loss_values,2,28,28,0.0001,32,500,Sigmoid(),Sigmoid(),307,8.958046109546558e-05,0.0006063829154591076,5.091824293136597,0.000638480624766089
Audio_MNIST,AE_loss_values,2,28,28,0.0001,32,500,Sigmoid(),Sigmoid(),308,9.072922441919218e-05,0.0006220407447350832,5.066497087478638,0.000638480624766089
Audio_MNIST,AE_loss_values,2,28,28,0.0001,32,500,Sigmoid(),Sigmoid(),309,9.022860497619452e-05,0.0006157669211582592,5.0550408363342285,0.000638480624766089
Audio_MNIST,AE_loss_values,2,28,28,0.0001,32,500,Sigmoid(),Sigmoid(),310,9.134472296561095e-05,0.0006156478558744615,5.05291485786438,0.000638480624766089
Audio_MNIST,AE_loss_values,2,28,28,0.0001,32,500,Sigmoid(),Sigmoid(),311,8.856080417141736e-05,0.0006127611610378759,5.052873373031616,0.000638480624766089
Audio_MNIST,AE_loss_values,2,28,28,0.0001,32,500,Sigmoid(),Sigmoid(),312,8.942145477491674e-05,0.0006123746743736168,5.050638675689697,0.000638480624766089
Audio_MNIST,AE_loss_values,2,28,28,0.0001,32,500,Sigmoid(),Sigmoid(),313,8.856716582249646e-05,0.0006077117923414335,5.038992881774902,0.000638480624766089
Audio_MNIST,AE_loss_values,2,28,28,0.0001,32,500,Sigmoid(),Sigmoid(),314,9.22487424256057e-05,0.000619191680297566,5.026139259338379,0.000638480624766089
Audio_MNIST,AE_loss_values,2,28,28,0.0001,32,500,Sigmoid(),Sigmoid(),315,8.759018156464057e-05,0.0006233083240998288,5.043382883071899,0.000638480624766089
Audio_MNIST,AE_loss_values,2,28,28,0.0001,32,500,Sigmoid(),Sigmoid(),316,9.671766290193773e-05,0.0006154954875431334,5.054167985916138,0.000638480624766089
Audio_MNIST,AE_loss_values,2,28,28,0.0001,32,500,Sigmoid(),Sigmoid(),317,8.804340121544858e-05,0.0006295971970733565,5.109801292419434,0.000638480624766089
Audio_MNIST,AE_loss_values,2,28,28,0.0001,32,500,Sigmoid(),Sigmoid(),318,8.864100460050395e-05,0.0006121639741274217,5.124929189682007,0.000638480624766089
Audio_MNIST,AE_loss_values,2,28,28,0.0001,32,500,Sigmoid(),Sigmoid(),319,9.651505152517832e-05,0.0006241273337121432,5.149063348770142,0.000638480624766089
Audio_MNIST,AE_loss_values,2,28,28,0.0001,32,500,Sigmoid(),Sigmoid(),320,9.45114193224678e-05,0.0006155072709855934,5.1333372592926025,0.000638480624766089
Audio_MNIST,AE_loss_values,2,28,28,0.0001,32,500,Sigmoid(),Sigmoid(),321,8.746216472354718e-05,0.0006332154418341816,5.1445722579956055,0.000638480624766089
Audio_MNIST,AE_loss_values,2,28,28,0.0001,32,500,Sigmoid(),Sigmoid(),322,8.638676784115281e-05,0.0006390641538891941,5.156674385070801,0.000638480624766089
Audio_MNIST,AE_loss_values,2,28,28,0.0001,32,500,Sigmoid(),Sigmoid(),323,8.713701728144467e-05,0.0006380891034884068,5.146485328674316,0.000638480624766089
Audio_MNIST,AE_loss_values,2,28,28,0.0001,32,500,Sigmoid(),Sigmoid(),324,9.217602480778927e-05,0.0006007571852145096,5.1387035846710205,0.000638480624766089
Audio_MNIST,AE_loss_values,2,28,28,0.0001,32,500,Sigmoid(),Sigmoid(),325,8.822293479109552e-05,0.0006356170135938252,5.120867490768433,0.000638480624766089
Audio_MNIST,AE_loss_values,2,28,28,0.0001,32,500,Sigmoid(),Sigmoid(),326,8.648324964936667e-05,0.0006175000135748026,5.124843120574951,0.000638480624766089
Audio_MNIST,AE_loss_values,2,28,28,0.0001,32,500,Sigmoid(),Sigmoid(),327,8.739668508799999e-05,0.0006219841692557869,5.123647689819336,0.000638480624766089
Audio_MNIST,AE_loss_values,2,28,28,0.0001,32,500,Sigmoid(),Sigmoid(),328,8.969641187559319e-05,0.0006405499339064894,5.113786935806274,0.000638480624766089
Audio_MNIST,AE_loss_values,2,28,28,0.0001,32,500,Sigmoid(),Sigmoid(),329,8.541217686191278e-05,0.0006241965241885434,5.122138023376465,0.000638480624766089
Audio_MNIST,AE_loss_values,2,28,28,0.0001,32,500,Sigmoid(),Sigmoid(),330,8.677908167373972e-05,0.0006209500898451854,5.153247833251953,0.000638480624766089
Audio_MNIST,AE_loss_values,2,28,28,0.0001,32,500,Sigmoid(),Sigmoid(),331,8.665252922522389e-05,0.0006084365047281608,5.149801731109619,0.000638480624766089
Audio_MNIST,AE_loss_values,2,28,28,0.0001,32,500,Sigmoid(),Sigmoid(),332,8.704416890032007e-05,0.0006374527804049043,5.130035161972046,0.000638480624766089
Audio_MNIST,AE_loss_values,2,28,28,0.0001,32,500,Sigmoid(),Sigmoid(),333,8.930368619985529e-05,0.0006298583288444206,5.141937255859375,0.000638480624766089
Audio_MNIST,AE_loss_values,2,28,28,0.0001,32,500,Sigmoid(),Sigmoid(),334,8.838433286594713e-05,0.0006166203999600838,5.14491605758667,0.000638480624766089
Audio_MNIST,AE_loss_values,2,28,28,0.0001,32,500,Sigmoid(),Sigmoid(),335,8.547362774091501e-05,0.0006095030294576038,5.1498799324035645,0.000638480624766089
Audio_MNIST,AE_loss_values,2,28,28,0.0001,32,500,Sigmoid(),Sigmoid(),336,8.522098763690641e-05,0.000636878453437627,5.1390540599823,0.000638480624766089
Audio_MNIST,AE_loss_values,2,28,28,0.0001,32,500,Sigmoid(),Sigmoid(),337,8.609279854863416e-05,0.0006339428680754887,5.145301342010498,0.000638480624766089
Audio_MNIST,AE_loss_values,2,28,28,0.0001,32,500,Sigmoid(),Sigmoid(),338,8.857482256401757e-05,0.000608960024061768,5.15081787109375,0.000638480624766089
Audio_MNIST,AE_loss_values,2,28,28,0.0001,32,500,Sigmoid(),Sigmoid(),339,8.557539004596038e-05,0.000622212143925329,5.148927927017212,0.000638480624766089
Audio_MNIST,AE_loss_values,2,28,28,0.0001,32,500,Sigmoid(),Sigmoid(),340,8.937000218065805e-05,0.0006199135948748638,5.147835731506348,0.000638480624766089
Audio_MNIST,AE_loss_values,2,28,28,0.0001,32,500,Sigmoid(),Sigmoid(),341,8.569369384804303e-05,0.0006092971040828464,5.1485254764556885,0.000638480624766089
Audio_MNIST,AE_loss_values,2,28,28,0.0001,32,500,Sigmoid(),Sigmoid(),342,8.56324704970272e-05,0.0006160861468330647,5.155490398406982,0.000638480624766089
Audio_MNIST,AE_loss_values,2,28,28,0.0001,32,500,Sigmoid(),Sigmoid(),343,8.627767458528978e-05,0.000662267139996402,5.159700155258179,0.000638480624766089
Audio_MNIST,AE_loss_values,2,28,28,0.0001,32,500,Sigmoid(),Sigmoid(),344,9.036172352534777e-05,0.0006200597264299479,5.186943531036377,0.000638480624766089
Audio_MNIST,AE_loss_values,2,28,28,0.0001,32,500,Sigmoid(),Sigmoid(),345,8.371824515840368e-05,0.0006202627937503469,5.192549705505371,0.000638480624766089
Audio_MNIST,AE_loss_values,2,28,28,0.0001,32,500,Sigmoid(),Sigmoid(),346,8.410290612785805e-05,0.0006205876334958399,5.189609527587891,0.000638480624766089
Audio_MNIST,AE_loss_values,2,28,28,0.0001,32,500,Sigmoid(),Sigmoid(),347,8.436910084886525e-05,0.0006236919076764025,5.190090179443359,0.000638480624766089
Audio_MNIST,AE_loss_values,2,28,28,0.0001,32,500,Sigmoid(),Sigmoid(),348,8.558409664328792e-05,0.0006365421591714646,5.191052198410034,0.000638480624766089
Audio_MNIST,AE_loss_values,2,28,28,0.0001,32,500,Sigmoid(),Sigmoid(),349,8.581549870541494e-05,0.0006353971665375866,5.188279151916504,0.000638480624766089
Audio_MNIST,AE_loss_values,2,28,28,0.0001,32,500,Sigmoid(),Sigmoid(),350,8.858800905848814e-05,0.0006442353607271798,5.2014405727386475,0.000638480624766089
Audio_MNIST,AE_loss_values,2,28,28,0.0001,32,500,Sigmoid(),Sigmoid(),351,8.710928853421744e-05,0.0006371879130601883,5.183083772659302,0.000638480624766089
Audio_MNIST,AE_loss_values,2,28,28,0.0001,32,500,Sigmoid(),Sigmoid(),352,8.33964487310368e-05,0.0006067104357255933,5.162655591964722,0.000638480624766089
Audio_MNIST,AE_loss_values,2,28,28,0.0001,32,500,Sigmoid(),Sigmoid(),353,8.549287190301887e-05,0.0006422629446606151,5.165399074554443,0.000638480624766089
Audio_MNIST,AE_loss_values,2,28,28,0.0001,32,500,Sigmoid(),Sigmoid(),354,8.559692896687921e-05,0.0006137848230234037,5.180056095123291,0.000638480624766089
Audio_MNIST,AE_loss_values,2,28,28,0.0001,32,500,Sigmoid(),Sigmoid(),355,8.477858379683312e-05,0.0006380246784732056,5.167711973190308,0.000638480624766089
Audio_MNIST,AE_loss_values,2,28,28,0.0001,32,500,Sigmoid(),Sigmoid(),356,8.721613563132754e-05,0.0006299754302211417,5.157706260681152,0.000638480624766089
Audio_MNIST,AE_loss_values,2,28,28,0.0001,32,500,Sigmoid(),Sigmoid(),357,8.571933996305839e-05,0.0006213745937372247,5.322806119918823,0.000638480624766089
Audio_MNIST,AE_loss_values,2,28,28,0.0001,32,500,Sigmoid(),Sigmoid(),358,8.534506420195006e-05,0.0006216843605895216,5.381124258041382,0.000638480624766089
Audio_MNIST,AE_loss_values,2,28,28,0.0001,32,500,Sigmoid(),Sigmoid(),359,8.565508684538751e-05,0.0006828622032577793,5.194257020950317,0.000638480624766089
Audio_MNIST,AE_loss_values,2,28,28,0.0001,32,500,Sigmoid(),Sigmoid(),360,8.960208297260882e-05,0.0006162844158631439,5.194106578826904,0.000638480624766089
Audio_MNIST,AE_loss_values,2,28,28,0.0001,32,500,Sigmoid(),Sigmoid(),361,8.258435645863452e-05,0.0006182169035600964,5.196171522140503,0.000638480624766089
Audio_MNIST,AE_loss_values,2,28,28,0.0001,32,500,Sigmoid(),Sigmoid(),362,8.187886128568304e-05,0.0006158320926382051,5.1944899559021,0.000638480624766089
Audio_MNIST,AE_loss_values,2,28,28,0.0001,32,500,Sigmoid(),Sigmoid(),363,8.338329159020456e-05,0.0006212942432127117,5.196677923202515,0.000638480624766089
Audio_MNIST,AE_loss_values,2,28,28,0.0001,32,500,Sigmoid(),Sigmoid(),364,8.409848813486557e-05,0.0006108025099577693,5.212714433670044,0.000638480624766089
Audio_MNIST,AE_loss_values,2,28,28,0.0001,32,500,Sigmoid(),Sigmoid(),365,8.209879363009046e-05,0.0006122355109740359,5.199848175048828,0.000638480624766089
Audio_MNIST,AE_loss_values,2,28,28,0.0001,32,500,Sigmoid(),Sigmoid(),366,8.240351048819623e-05,0.0006691691134280215,5.210623502731323,0.000638480624766089
Audio_MNIST,AE_loss_values,2,28,28,0.0001,32,500,Sigmoid(),Sigmoid(),367,8.489309084022049e-05,0.0006047512925967264,5.230684041976929,0.000638480624766089
Audio_MNIST,AE_loss_values,2,28,28,0.0001,32,500,Sigmoid(),Sigmoid(),368,8.529766533380704e-05,0.0006235245990101248,5.21635627746582,0.000638480624766089
Audio_MNIST,AE_loss_values,2,28,28,0.0001,32,500,Sigmoid(),Sigmoid(),369,8.3421195487972e-05,0.0006332882296119351,5.216567754745483,0.000638480624766089
Audio_MNIST,AE_loss_values,2,28,28,0.0001,32,500,Sigmoid(),Sigmoid(),370,8.506812180955118e-05,0.0006380332547511595,5.222273588180542,0.000638480624766089
Audio_MNIST,AE_loss_values,2,28,28,0.0001,32,500,Sigmoid(),Sigmoid(),371,8.363615321710919e-05,0.0006238957771565765,5.213150978088379,0.000638480624766089
Audio_MNIST,AE_loss_values,2,28,28,0.0001,32,500,Sigmoid(),Sigmoid(),372,8.20496625656233e-05,0.0006180485470492082,5.218115329742432,0.000638480624766089
Audio_MNIST,AE_loss_values,2,28,28,0.0001,32,500,Sigmoid(),Sigmoid(),373,8.195824025036321e-05,0.0006301370148818629,5.2103259563446045,0.000638480624766089
Audio_MNIST,AE_loss_values,2,28,28,0.0001,32,500,Sigmoid(),Sigmoid(),374,8.315935163530716e-05,0.0006061570152523927,5.204735517501831,0.000638480624766089
Audio_MNIST,AE_loss_values,2,28,28,0.0001,32,500,Sigmoid(),Sigmoid(),375,8.314221773010407e-05,0.0006096553862638151,5.202139377593994,0.000638480624766089
Audio_MNIST,AE_loss_values,2,28,28,0.0001,32,500,Sigmoid(),Sigmoid(),376,8.252260251447296e-05,0.0006299808484424526,5.203071594238281,0.000638480624766089
Audio_MNIST,AE_loss_values,2,28,28,0.0001,32,500,Sigmoid(),Sigmoid(),377,8.634649149704879e-05,0.0006361066798757141,5.217848062515259,0.000638480624766089
Audio_MNIST,AE_loss_values,2,28,28,0.0001,32,500,Sigmoid(),Sigmoid(),378,8.33428407847047e-05,0.0006313622615804586,5.201752662658691,0.000638480624766089
Audio_MNIST,AE_loss_values,2,28,28,0.0001,32,500,Sigmoid(),Sigmoid(),379,8.274613459131312e-05,0.0006204072380981718,5.201162815093994,0.000638480624766089
Audio_MNIST,AE_loss_values,2,28,28,0.0001,32,500,Sigmoid(),Sigmoid(),380,8.36600734764943e-05,0.00061370747332694,5.208353519439697,0.000638480624766089
Audio_MNIST,AE_loss_values,2,28,28,0.0001,32,500,Sigmoid(),Sigmoid(),381,8.32842341618137e-05,0.00062769626864853,5.211641073226929,0.000638480624766089
Audio_MNIST,AE_loss_values,2,28,28,0.0001,32,500,Sigmoid(),Sigmoid(),382,8.273774693770974e-05,0.0006093036780269661,5.207624912261963,0.000638480624766089
Audio_MNIST,AE_loss_values,2,28,28,0.0001,32,500,Sigmoid(),Sigmoid(),383,8.169097991594754e-05,0.0006159094966715202,5.205090522766113,0.000638480624766089
Audio_MNIST,AE_loss_values,2,28,28,0.0001,32,500,Sigmoid(),Sigmoid(),384,8.075244900464895e-05,0.0006281354377279058,5.206838369369507,0.000638480624766089
Audio_MNIST,AE_loss_values,2,28,28,0.0001,32,500,Sigmoid(),Sigmoid(),385,8.28684332488289e-05,0.0006224121233099141,5.4820640087127686,0.000638480624766089
Audio_MNIST,AE_loss_values,2,28,28,0.0001,32,500,Sigmoid(),Sigmoid(),386,8.205245090963823e-05,0.000615546866261866,5.440258264541626,0.000638480624766089
Audio_MNIST,AE_loss_values,2,28,28,0.0001,32,500,Sigmoid(),Sigmoid(),387,8.089250882039777e-05,0.000625216470080583,5.21816873550415,0.000638480624766089
Audio_MNIST,AE_loss_values,2,28,28,0.0001,32,500,Sigmoid(),Sigmoid(),388,8.175212864686425e-05,0.0006251455456901265,5.217365741729736,0.000638480624766089
Audio_MNIST,AE_loss_values,2,28,28,0.0001,32,500,Sigmoid(),Sigmoid(),389,8.261417088397138e-05,0.0006271906997232388,5.2455644607543945,0.000638480624766089
Audio_MNIST,AE_loss_values,2,28,28,0.0001,32,500,Sigmoid(),Sigmoid(),390,8.364566448472033e-05,0.0006286934041224109,5.2297892570495605,0.000638480624766089
Audio_MNIST,AE_loss_values,2,28,28,0.0001,32,500,Sigmoid(),Sigmoid(),391,8.055568936530714e-05,0.0006051992972303802,5.221248626708984,0.000638480624766089
Audio_MNIST,AE_loss_values,2,28,28,0.0001,32,500,Sigmoid(),Sigmoid(),392,8.154158735669625e-05,0.0006101321357612809,5.2238593101501465,0.000638480624766089
Audio_MNIST,AE_loss_values,2,28,28,0.0001,32,500,Sigmoid(),Sigmoid(),393,8.052823936668573e-05,0.0006421809377109943,5.2058634757995605,0.000638480624766089
Audio_MNIST,AE_loss_values,2,28,28,0.0001,32,500,Sigmoid(),Sigmoid(),394,8.375089053818859e-05,0.0006373200099139164,5.2174553871154785,0.000638480624766089
Audio_MNIST,AE_loss_values,2,28,28,0.0001,32,500,Sigmoid(),Sigmoid(),395,8.359652215040114e-05,0.0006509939477740166,5.2013280391693115,0.000638480624766089
Audio_MNIST,AE_loss_values,2,28,28,0.0001,32,500,Sigmoid(),Sigmoid(),396,8.074431822205951e-05,0.0006355534870720778,5.201181888580322,0.000638480624766089
Audio_MNIST,AE_loss_values,2,28,28,0.0001,32,500,Sigmoid(),Sigmoid(),397,8.029161906173007e-05,0.0006010478263099988,5.211251735687256,0.000638480624766089
Audio_MNIST,AE_loss_values,2,28,28,0.0001,32,500,Sigmoid(),Sigmoid(),398,7.99213182120487e-05,0.0006055062781088054,5.2103517055511475,0.000638480624766089
Audio_MNIST,AE_loss_values,2,28,28,0.0001,32,500,Sigmoid(),Sigmoid(),399,8.09318882105193e-05,0.000616745387611445,5.216050148010254,0.000638480624766089
Audio_MNIST,AE_loss_values,2,28,28,0.0001,32,500,Sigmoid(),Sigmoid(),400,8.088437035621609e-05,0.0006302823353908025,5.236647129058838,0.000638480624766089
Audio_MNIST,AE_loss_values,2,28,28,0.0001,32,500,Sigmoid(),Sigmoid(),401,7.907513360623852e-05,0.0006404128435727519,5.313811779022217,0.000638480624766089
Audio_MNIST,AE_loss_values,2,28,28,0.0001,32,500,Sigmoid(),Sigmoid(),402,8.576309706707737e-05,0.0006246829928519825,5.216087102890015,0.000638480624766089
Audio_MNIST,AE_loss_values,2,28,28,0.0001,32,500,Sigmoid(),Sigmoid(),403,8.08273958882637e-05,0.000618971401398691,5.218193292617798,0.000638480624766089
Audio_MNIST,AE_loss_values,2,28,28,0.0001,32,500,Sigmoid(),Sigmoid(),404,7.92787745252402e-05,0.0006158372009910332,5.218562364578247,0.000638480624766089
Audio_MNIST,AE_loss_values,2,28,28,0.0001,32,500,Sigmoid(),Sigmoid(),405,8.44820396311358e-05,0.0006154701631360998,5.21373176574707,0.000638480624766089
Audio_MNIST,AE_loss_values,2,28,28,0.0001,32,500,Sigmoid(),Sigmoid(),406,7.98297952618062e-05,0.000626751052797772,5.243391036987305,0.000638480624766089
Audio_MNIST,AE_loss_values,2,28,28,0.0001,32,500,Sigmoid(),Sigmoid(),407,8.036922907861784e-05,0.0006106981720173886,5.202525615692139,0.000638480624766089
Audio_MNIST,AE_loss_values,2,28,28,0.0001,32,500,Sigmoid(),Sigmoid(),408,7.998219663143876e-05,0.0006394756847488073,5.2127275466918945,0.000638480624766089
Audio_MNIST,AE_loss_values,2,28,28,0.0001,32,500,Sigmoid(),Sigmoid(),409,8.244237914126036e-05,0.0006398947793059051,5.215404987335205,0.000638480624766089
Audio_MNIST,AE_loss_values,2,28,28,0.0001,32,500,Sigmoid(),Sigmoid(),410,7.956015578686978e-05,0.0006205388366361149,5.20924711227417,0.000638480624766089
Audio_MNIST,AE_loss_values,2,28,28,0.0001,32,500,Sigmoid(),Sigmoid(),411,7.767412558011226e-05,0.0006357087171830547,5.219834804534912,0.000638480624766089
Audio_MNIST,AE_loss_values,2,28,28,0.0001,32,500,Sigmoid(),Sigmoid(),412,8.122245373973177e-05,0.0006119075239403173,5.205034017562866,0.000638480624766089
Audio_MNIST,AE_loss_values,2,28,28,0.0001,32,500,Sigmoid(),Sigmoid(),413,7.916649135434757e-05,0.0006518137353899268,5.215739727020264,0.000638480624766089
Audio_MNIST,AE_loss_values,2,28,28,0.0001,32,500,Sigmoid(),Sigmoid(),414,8.093361635231607e-05,0.0006430871669435874,5.2121758460998535,0.000638480624766089
Audio_MNIST,AE_loss_values,2,28,28,0.0001,32,500,Sigmoid(),Sigmoid(),415,8.048633203179633e-05,0.000624731662896617,5.2050371170043945,0.000638480624766089
Audio_MNIST,AE_loss_values,2,28,28,0.0001,32,500,Sigmoid(),Sigmoid(),416,7.942044883626901e-05,0.0006335030607879161,5.226169109344482,0.000638480624766089
Audio_MNIST,AE_loss_values,2,28,28,0.0001,32,500,Sigmoid(),Sigmoid(),417,7.824234519163534e-05,0.0006205059095906715,5.215029239654541,0.000638480624766089
Audio_MNIST,AE_loss_values,2,28,28,0.0001,32,500,Sigmoid(),Sigmoid(),418,7.988031015762924e-05,0.0006364008400317592,5.22932243347168,0.000638480624766089
Audio_MNIST,AE_loss_values,2,28,28,0.0001,32,500,Sigmoid(),Sigmoid(),419,8.068504888736546e-05,0.000618611005639347,5.202776670455933,0.000638480624766089
Audio_MNIST,AE_loss_values,2,28,28,0.0001,32,500,Sigmoid(),Sigmoid(),420,8.125546645775708e-05,0.0006325026899964238,5.20838189125061,0.000638480624766089
Audio_MNIST,AE_loss_values,2,28,28,0.0001,32,500,Sigmoid(),Sigmoid(),421,7.764244055852032e-05,0.0006097388772371535,5.2085723876953125,0.000638480624766089
Audio_MNIST,AE_loss_values,2,28,28,0.0001,32,500,Sigmoid(),Sigmoid(),422,7.880224646275261e-05,0.0006284099873591913,5.208459854125977,0.000638480624766089
Audio_MNIST,AE_loss_values,2,28,28,0.0001,32,500,Sigmoid(),Sigmoid(),423,8.037649185401581e-05,0.0006496552624933732,5.2349584102630615,0.000638480624766089
Audio_MNIST,AE_loss_values,2,28,28,0.0001,32,500,Sigmoid(),Sigmoid(),424,7.91583623825621e-05,0.0006144581809445905,5.215304851531982,0.000638480624766089
Audio_MNIST,AE_loss_values,2,28,28,0.0001,32,500,Sigmoid(),Sigmoid(),425,7.814885317839071e-05,0.0006156975979101844,5.2113072872161865,0.000638480624766089
Audio_MNIST,AE_loss_values,2,28,28,0.0001,32,500,Sigmoid(),Sigmoid(),426,7.858301280793966e-05,0.0006435820058686659,5.216721773147583,0.000638480624766089
Audio_MNIST,AE_loss_values,2,28,28,0.0001,32,500,Sigmoid(),Sigmoid(),427,7.933895600156878e-05,0.00063765090527401,5.223028182983398,0.000638480624766089
Audio_MNIST,AE_loss_values,2,28,28,0.0001,32,500,Sigmoid(),Sigmoid(),428,7.873593858645714e-05,0.0006445995931086752,5.216474294662476,0.000638480624766089
Audio_MNIST,AE_loss_values,2,28,28,0.0001,32,500,Sigmoid(),Sigmoid(),429,7.868975177704366e-05,0.0006443739934863213,5.225968599319458,0.000638480624766089
Audio_MNIST,AE_loss_values,2,28,28,0.0001,32,500,Sigmoid(),Sigmoid(),430,7.955551601298793e-05,0.0006348324925638736,5.254554510116577,0.000638480624766089
Audio_MNIST,AE_loss_values,2,28,28,0.0001,32,500,Sigmoid(),Sigmoid(),431,7.816234609708772e-05,0.0006257705721848955,5.2445762157440186,0.000638480624766089
Audio_MNIST,AE_loss_values,2,28,28,0.0001,32,500,Sigmoid(),Sigmoid(),432,8.051614051328215e-05,0.0006120415706536733,5.24086856842041,0.000638480624766089
Audio_MNIST,AE_loss_values,2,28,28,0.0001,32,500,Sigmoid(),Sigmoid(),433,7.719888486584144e-05,0.0006315272302793649,5.248661041259766,0.000638480624766089
Audio_MNIST,AE_loss_values,2,28,28,0.0001,32,500,Sigmoid(),Sigmoid(),434,7.674792603302194e-05,0.0006218940730129058,5.2609899044036865,0.000638480624766089
Audio_MNIST,AE_loss_values,2,28,28,0.0001,32,500,Sigmoid(),Sigmoid(),435,7.977956967139714e-05,0.0006135696351217727,5.25456976890564,0.000638480624766089
Audio_MNIST,AE_loss_values,2,28,28,0.0001,32,500,Sigmoid(),Sigmoid(),436,7.760166947264224e-05,0.000629242560088945,5.253624439239502,0.000638480624766089
Audio_MNIST,AE_loss_values,2,28,28,0.0001,32,500,Sigmoid(),Sigmoid(),437,8.080072466873389e-05,0.0006301575052590731,5.255902051925659,0.000638480624766089
Audio_MNIST,AE_loss_values,2,28,28,0.0001,32,500,Sigmoid(),Sigmoid(),438,7.800562830713413e-05,0.0006207441537796209,5.268718957901001,0.000638480624766089
Audio_MNIST,AE_loss_values,2,28,28,0.0001,32,500,Sigmoid(),Sigmoid(),439,7.765341262772078e-05,0.0006190951571334154,5.268840074539185,0.000638480624766089
Audio_MNIST,AE_loss_values,2,28,28,0.0001,32,500,Sigmoid(),Sigmoid(),440,7.700512986896987e-05,0.0006362732416406895,5.282647609710693,0.000638480624766089
Audio_MNIST,AE_loss_values,2,28,28,0.0001,32,500,Sigmoid(),Sigmoid(),441,7.695383546464048e-05,0.000599846885772422,5.276806354522705,0.000638480624766089
Audio_MNIST,AE_loss_values,2,28,28,0.0001,32,500,Sigmoid(),Sigmoid(),442,7.845523390096787e-05,0.0006535369683988392,5.3023035526275635,0.000638480624766089
Audio_MNIST,AE_loss_values,2,28,28,0.0001,32,500,Sigmoid(),Sigmoid(),443,7.991255272008857e-05,0.0006027884848493462,5.281388282775879,0.000638480624766089
Audio_MNIST,AE_loss_values,2,28,28,0.0001,32,500,Sigmoid(),Sigmoid(),444,7.93797048269577e-05,0.0006335681414930149,5.270977020263672,0.000638480624766089
Audio_MNIST,AE_loss_values,2,28,28,0.0001,32,500,Sigmoid(),Sigmoid(),445,7.788153930171878e-05,0.0006287174386476787,5.271815061569214,0.000638480624766089
Audio_MNIST,AE_loss_values,2,28,28,0.0001,32,500,Sigmoid(),Sigmoid(),446,7.679790443247233e-05,0.0006238647795592745,5.282472133636475,0.000638480624766089
Audio_MNIST,AE_loss_values,2,28,28,0.0001,32,500,Sigmoid(),Sigmoid(),447,7.850097057234962e-05,0.000615344482823275,5.284168004989624,0.000638480624766089
Audio_MNIST,AE_loss_values,2,28,28,0.0001,32,500,Sigmoid(),Sigmoid(),448,7.579878292714663e-05,0.0006265035752827923,5.27935004234314,0.000638480624766089
Audio_MNIST,AE_loss_values,2,28,28,0.0001,32,500,Sigmoid(),Sigmoid(),449,7.776517366801272e-05,0.0005991688517970033,5.281991958618164,0.000638480624766089
Audio_MNIST,AE_loss_values,2,28,28,0.0001,32,500,Sigmoid(),Sigmoid(),450,7.871303594583878e-05,0.0006144369912799447,5.280350685119629,0.000638480624766089
Audio_MNIST,AE_loss_values,2,28,28,0.0001,32,500,Sigmoid(),Sigmoid(),451,7.660501742975611e-05,0.000615074729352879,5.272621393203735,0.000638480624766089
Audio_MNIST,AE_loss_values,2,28,28,0.0001,32,500,Sigmoid(),Sigmoid(),452,7.863202529976357e-05,0.0006508064805335986,5.282484769821167,0.000638480624766089
Audio_MNIST,AE_loss_values,2,28,28,0.0001,32,500,Sigmoid(),Sigmoid(),453,7.656235219595449e-05,0.0006478760464233346,5.282825708389282,0.000638480624766089
Audio_MNIST,AE_loss_values,2,28,28,0.0001,32,500,Sigmoid(),Sigmoid(),454,7.547181494010147e-05,0.0006379161030442143,5.2808825969696045,0.000638480624766089
Audio_MNIST,AE_loss_values,2,28,28,0.0001,32,500,Sigmoid(),Sigmoid(),455,7.807846972476303e-05,0.0006334728085009071,5.298233985900879,0.000638480624766089
Audio_MNIST,AE_loss_values,2,28,28,0.0001,32,500,Sigmoid(),Sigmoid(),456,7.642315274339731e-05,0.0006319565535134946,5.291787385940552,0.000638480624766089
Audio_MNIST,AE_loss_values,2,28,28,0.0001,32,500,Sigmoid(),Sigmoid(),457,7.658105111355933e-05,0.0006099433742541199,5.31637716293335,0.000638480624766089
Audio_MNIST,AE_loss_values,2,28,28,0.0001,32,500,Sigmoid(),Sigmoid(),458,7.66834125627914e-05,0.0006215813428765008,5.300414323806763,0.000638480624766089
Audio_MNIST,AE_loss_values,2,28,28,0.0001,32,500,Sigmoid(),Sigmoid(),459,7.605288093812609e-05,0.0006215310593640121,5.3011863231658936,0.000638480624766089
Audio_MNIST,AE_loss_values,2,28,28,0.0001,32,500,Sigmoid(),Sigmoid(),460,7.55701567674502e-05,0.000626591300785852,5.3039281368255615,0.000638480624766089
Audio_MNIST,AE_loss_values,2,28,28,0.0001,32,500,Sigmoid(),Sigmoid(),461,7.668142232493362e-05,0.0006393395220511593,5.301116943359375,0.000638480624766089
Audio_MNIST,AE_loss_values,2,28,28,0.0001,32,500,Sigmoid(),Sigmoid(),462,7.663675363983202e-05,0.000645591039423986,5.29498553276062,0.000638480624766089
Audio_MNIST,AE_loss_values,2,28,28,0.0001,32,500,Sigmoid(),Sigmoid(),463,7.498778683141912e-05,0.0005928964982837594,5.3023247718811035,0.000638480624766089
Audio_MNIST,AE_loss_values,2,28,28,0.0001,32,500,Sigmoid(),Sigmoid(),464,7.79177412672046e-05,0.0006292244664897832,5.302800178527832,0.000638480624766089
Audio_MNIST,AE_loss_values,2,28,28,0.0001,32,500,Sigmoid(),Sigmoid(),465,7.678107651978886e-05,0.0006227180855542732,5.293439149856567,0.000638480624766089
Audio_MNIST,AE_loss_values,2,28,28,0.0001,32,500,Sigmoid(),Sigmoid(),466,7.532436198562209e-05,0.0006419448070810177,5.290971279144287,0.000638480624766089
Audio_MNIST,AE_loss_values,2,28,28,0.0001,32,500,Sigmoid(),Sigmoid(),467,7.605354719574583e-05,0.0006224061107107749,5.284252166748047,0.000638480624766089
Audio_MNIST,AE_loss_values,2,28,28,0.0001,32,500,Sigmoid(),Sigmoid(),468,7.677136643815174e-05,0.0006208252589567564,5.286834955215454,0.000638480624766089
Audio_MNIST,AE_loss_values,2,28,28,0.0001,32,500,Sigmoid(),Sigmoid(),469,7.559881276635375e-05,0.0006059294509080549,5.2825000286102295,0.000638480624766089
Audio_MNIST,AE_loss_values,2,28,28,0.0001,32,500,Sigmoid(),Sigmoid(),470,7.561722757145616e-05,0.0006270552227118363,5.282301902770996,0.000638480624766089
Audio_MNIST,AE_loss_values,2,28,28,0.0001,32,500,Sigmoid(),Sigmoid(),471,7.605666660310817e-05,0.0006333412944028774,5.283875226974487,0.000638480624766089
Audio_MNIST,AE_loss_values,2,28,28,0.0001,32,500,Sigmoid(),Sigmoid(),472,7.500977785154343e-05,0.0006207111356391882,5.308889150619507,0.000638480624766089
Audio_MNIST,AE_loss_values,2,28,28,0.0001,32,500,Sigmoid(),Sigmoid(),473,7.663082540739196e-05,0.0006386810578405857,5.307966709136963,0.000638480624766089
Audio_MNIST,AE_loss_values,2,28,28,0.0001,32,500,Sigmoid(),Sigmoid(),474,8.080925826622357e-05,0.0006212527120175461,5.312788486480713,0.000638480624766089
Audio_MNIST,AE_loss_values,2,28,28,0.0001,32,500,Sigmoid(),Sigmoid(),475,7.417281444456118e-05,0.0006321518401382491,5.306983470916748,0.000638480624766089
Audio_MNIST,AE_loss_values,2,28,28,0.0001,32,500,Sigmoid(),Sigmoid(),476,7.481059864251923e-05,0.0006269887005182682,5.300184488296509,0.000638480624766089
Audio_MNIST,AE_loss_values,2,28,28,0.0001,32,500,Sigmoid(),Sigmoid(),477,7.379137198737832e-05,0.0006224154311833748,5.302781581878662,0.000638480624766089
Audio_MNIST,AE_loss_values,2,28,28,0.0001,32,500,Sigmoid(),Sigmoid(),478,7.470648941064913e-05,0.0006519663794703471,5.3074188232421875,0.000638480624766089
Audio_MNIST,AE_loss_values,2,28,28,0.0001,32,500,Sigmoid(),Sigmoid(),479,7.58461025525321e-05,0.0006154618804963927,5.305636405944824,0.000638480624766089
Audio_MNIST,AE_loss_values,2,28,28,0.0001,32,500,Sigmoid(),Sigmoid(),480,7.52177989603903e-05,0.0006480288837337866,5.318438529968262,0.000638480624766089
Audio_MNIST,AE_loss_values,2,28,28,0.0001,32,500,Sigmoid(),Sigmoid(),481,7.864300247577678e-05,0.0006627585595318427,5.310853958129883,0.000638480624766089
Audio_MNIST,AE_loss_values,2,28,28,0.0001,32,500,Sigmoid(),Sigmoid(),482,7.555545728124949e-05,0.0006561727853453097,5.307393789291382,0.000638480624766089
Audio_MNIST,AE_loss_values,2,28,28,0.0001,32,500,Sigmoid(),Sigmoid(),483,7.451357604259101e-05,0.0006304029051001029,5.306502103805542,0.000638480624766089
Audio_MNIST,AE_loss_values,2,28,28,0.0001,32,500,Sigmoid(),Sigmoid(),484,7.422334875839927e-05,0.0006389412042335607,5.299318790435791,0.000638480624766089
Audio_MNIST,AE_loss_values,2,28,28,0.0001,32,500,Sigmoid(),Sigmoid(),485,7.35652957482671e-05,0.0006133446081463868,5.313472032546997,0.000638480624766089
Audio_MNIST,AE_loss_values,2,28,28,0.0001,32,500,Sigmoid(),Sigmoid(),486,7.578312520430094e-05,0.0006303819636814296,5.30950403213501,0.000638480624766089
Audio_MNIST,AE_loss_values,2,28,28,0.0001,32,500,Sigmoid(),Sigmoid(),487,7.480846687030863e-05,0.0006435387209445859,5.318720817565918,0.000638480624766089
Audio_MNIST,AE_loss_values,2,28,28,0.0001,32,500,Sigmoid(),Sigmoid(),488,7.586664542698903e-05,0.0006128213733318262,5.2582848072052,0.000638480624766089
Audio_MNIST,AE_loss_values,2,28,28,0.0001,32,500,Sigmoid(),Sigmoid(),489,7.606533240080656e-05,0.0006150117331999354,5.270994186401367,0.000638480624766089
Audio_MNIST,AE_loss_values,2,28,28,0.0001,32,500,Sigmoid(),Sigmoid(),490,7.440583728263543e-05,0.0006407587226519051,5.259089231491089,0.000638480624766089
Audio_MNIST,AE_loss_values,2,28,28,0.0001,32,500,Sigmoid(),Sigmoid(),491,7.520607027072401e-05,0.0006199116472077246,5.2782275676727295,0.000638480624766089
Audio_MNIST,AE_loss_values,2,28,28,0.0001,32,500,Sigmoid(),Sigmoid(),492,7.494119616118648e-05,0.0006254763195562797,5.257332801818848,0.000638480624766089
Audio_MNIST,AE_loss_values,2,28,28,0.0001,32,500,Sigmoid(),Sigmoid(),493,7.297578424307479e-05,0.0006376075765195614,5.257476329803467,0.000638480624766089
Audio_MNIST,AE_loss_values,2,28,28,0.0001,32,500,Sigmoid(),Sigmoid(),494,7.38592753289898e-05,0.0006422457629232667,5.244009733200073,0.000638480624766089
Audio_MNIST,AE_loss_values,2,28,28,0.0001,32,500,Sigmoid(),Sigmoid(),495,7.52867096355961e-05,0.0006353241181156288,5.229232311248779,0.000638480624766089
Audio_MNIST,AE_loss_values,2,28,28,0.0001,32,500,Sigmoid(),Sigmoid(),496,7.553947548027887e-05,0.000617697989490504,5.2372307777404785,0.000638480624766089
Audio_MNIST,AE_loss_values,2,28,28,0.0001,32,500,Sigmoid(),Sigmoid(),497,7.417204464491078e-05,0.000625332342615972,5.2434422969818115,0.000638480624766089
Audio_MNIST,AE_loss_values,2,28,28,0.0001,32,500,Sigmoid(),Sigmoid(),498,7.414585324719762e-05,0.0006318811017942304,5.251233339309692,0.000638480624766089
Audio_MNIST,AE_loss_values,2,28,28,0.0001,32,500,Sigmoid(),Sigmoid(),499,7.438031418071962e-05,0.0006345526403262436,5.262185096740723,0.000638480624766089
Audio_MNIST,AE_loss_values,2,28,28,0.0001,32,500,Sigmoid(),Sigmoid(),500,7.303249891325929e-05,0.0006267783970106394,5.270735025405884,0.000638480624766089
