Dataset,List Name,SEED,AE_LEARNING_RATE,AE_BATCH_SIZE,AE_EPOCHS,AE_ENCODER_ACTIVATION_FN,AE_DECODER_ACTIVATION_FN,Epoch,Train_Loss,Validation_Loss,Time,Test_Loss
Breast_Cancer_Wisconsin,AE_loss_values,3,0.01,32,500,Sigmoid(),Sigmoid(),1,0.07495388801281269,0.047185508632346204,0.03458356857299805,0.007376904403300662
Breast_Cancer_Wisconsin,AE_loss_values,3,0.01,32,500,Sigmoid(),Sigmoid(),2,0.03058027887082362,0.019905264636403637,0.02072882652282715,0.007376904403300662
Breast_Cancer_Wisconsin,AE_loss_values,3,0.01,32,500,Sigmoid(),Sigmoid(),3,0.023415072421942438,0.018958909110280506,0.020816326141357422,0.007376904403300662
Breast_Cancer_Wisconsin,AE_loss_values,3,0.01,32,500,Sigmoid(),Sigmoid(),4,0.021973754105332133,0.018860862214575735,0.020677804946899414,0.007376904403300662
Breast_Cancer_Wisconsin,AE_loss_values,3,0.01,32,500,Sigmoid(),Sigmoid(),5,0.021757813559456187,0.01844254083800734,0.020677804946899414,0.007376904403300662
Breast_Cancer_Wisconsin,AE_loss_values,3,0.01,32,500,Sigmoid(),Sigmoid(),6,0.021630641429142637,0.01831949106826071,0.020708560943603516,0.007376904403300662
Breast_Cancer_Wisconsin,AE_loss_values,3,0.01,32,500,Sigmoid(),Sigmoid(),7,0.021621211888370934,0.018363841792993378,0.020727157592773438,0.007376904403300662
Breast_Cancer_Wisconsin,AE_loss_values,3,0.01,32,500,Sigmoid(),Sigmoid(),8,0.02150448652414175,0.018259560525940174,0.020875930786132812,0.007376904403300662
Breast_Cancer_Wisconsin,AE_loss_values,3,0.01,32,500,Sigmoid(),Sigmoid(),9,0.02129501497761889,0.017560505079464953,0.020717859268188477,0.007376904403300662
Breast_Cancer_Wisconsin,AE_loss_values,3,0.01,32,500,Sigmoid(),Sigmoid(),10,0.020340610013067067,0.01630481280255736,0.020718097686767578,0.007376904403300662
Breast_Cancer_Wisconsin,AE_loss_values,3,0.01,32,500,Sigmoid(),Sigmoid(),11,0.018702345120382834,0.014220680747377245,0.020725488662719727,0.007376904403300662
Breast_Cancer_Wisconsin,AE_loss_values,3,0.01,32,500,Sigmoid(),Sigmoid(),12,0.016602392783286152,0.012996916070972619,0.02071237564086914,0.007376904403300662
Breast_Cancer_Wisconsin,AE_loss_values,3,0.01,32,500,Sigmoid(),Sigmoid(),13,0.01563688799902633,0.01217522071837856,0.02076125144958496,0.007376904403300662
Breast_Cancer_Wisconsin,AE_loss_values,3,0.01,32,500,Sigmoid(),Sigmoid(),14,0.014823823794722557,0.011427053397423342,0.020682811737060547,0.007376904403300662
Breast_Cancer_Wisconsin,AE_loss_values,3,0.01,32,500,Sigmoid(),Sigmoid(),15,0.01409816914084521,0.010986328549813806,0.020725488662719727,0.007376904403300662
Breast_Cancer_Wisconsin,AE_loss_values,3,0.01,32,500,Sigmoid(),Sigmoid(),16,0.013525079370854976,0.010669609727828126,0.020695209503173828,0.007376904403300662
Breast_Cancer_Wisconsin,AE_loss_values,3,0.01,32,500,Sigmoid(),Sigmoid(),17,0.013049489795997902,0.010261238511782466,0.02072310447692871,0.007376904403300662
Breast_Cancer_Wisconsin,AE_loss_values,3,0.01,32,500,Sigmoid(),Sigmoid(),18,0.012612544342998293,0.009880105507347667,0.0207977294921875,0.007376904403300662
Breast_Cancer_Wisconsin,AE_loss_values,3,0.01,32,500,Sigmoid(),Sigmoid(),19,0.012136655004060531,0.009223115401701969,0.020714282989501953,0.007376904403300662
Breast_Cancer_Wisconsin,AE_loss_values,3,0.01,32,500,Sigmoid(),Sigmoid(),20,0.011237505328032997,0.008903349145201215,0.020705223083496094,0.007376904403300662
Breast_Cancer_Wisconsin,AE_loss_values,3,0.01,32,500,Sigmoid(),Sigmoid(),21,0.010716347723871797,0.00822540725532331,0.0206601619720459,0.007376904403300662
Breast_Cancer_Wisconsin,AE_loss_values,3,0.01,32,500,Sigmoid(),Sigmoid(),22,0.010503348667215515,0.008618485117167757,0.020667314529418945,0.007376904403300662
Breast_Cancer_Wisconsin,AE_loss_values,3,0.01,32,500,Sigmoid(),Sigmoid(),23,0.010458344579316103,0.007894441076930155,0.02076864242553711,0.007376904403300662
Breast_Cancer_Wisconsin,AE_loss_values,3,0.01,32,500,Sigmoid(),Sigmoid(),24,0.010555235468424283,0.008014511112777288,0.020679712295532227,0.007376904403300662
Breast_Cancer_Wisconsin,AE_loss_values,3,0.01,32,500,Sigmoid(),Sigmoid(),25,0.010313433592954835,0.00807286750753982,0.020670413970947266,0.007376904403300662
Breast_Cancer_Wisconsin,AE_loss_values,3,0.01,32,500,Sigmoid(),Sigmoid(),26,0.010342334083967156,0.008262496196517819,0.0206601619720459,0.007376904403300662
Breast_Cancer_Wisconsin,AE_loss_values,3,0.01,32,500,Sigmoid(),Sigmoid(),27,0.0104483967176178,0.007956379109568763,0.020662307739257812,0.007376904403300662
Breast_Cancer_Wisconsin,AE_loss_values,3,0.01,32,500,Sigmoid(),Sigmoid(),28,0.010335534321819688,0.00800587094732021,0.0207974910736084,0.007376904403300662
Breast_Cancer_Wisconsin,AE_loss_values,3,0.01,32,500,Sigmoid(),Sigmoid(),29,0.010248652260218347,0.008032583794965032,0.020665407180786133,0.007376904403300662
Breast_Cancer_Wisconsin,AE_loss_values,3,0.01,32,500,Sigmoid(),Sigmoid(),30,0.010245140351273201,0.008099066322309929,0.020740747451782227,0.007376904403300662
Breast_Cancer_Wisconsin,AE_loss_values,3,0.01,32,500,Sigmoid(),Sigmoid(),31,0.010343934710209186,0.008019311043123404,0.02063894271850586,0.007376904403300662
Breast_Cancer_Wisconsin,AE_loss_values,3,0.01,32,500,Sigmoid(),Sigmoid(),32,0.010283885092812252,0.007992866841193876,0.020728349685668945,0.007376904403300662
Breast_Cancer_Wisconsin,AE_loss_values,3,0.01,32,500,Sigmoid(),Sigmoid(),33,0.010212020834928358,0.007811853253658404,0.020659208297729492,0.007376904403300662
Breast_Cancer_Wisconsin,AE_loss_values,3,0.01,32,500,Sigmoid(),Sigmoid(),34,0.010288484726142097,0.008117680209116978,0.020649433135986328,0.007376904403300662
Breast_Cancer_Wisconsin,AE_loss_values,3,0.01,32,500,Sigmoid(),Sigmoid(),35,0.010218320466618944,0.007904592868790292,0.020656108856201172,0.007376904403300662
Breast_Cancer_Wisconsin,AE_loss_values,3,0.01,32,500,Sigmoid(),Sigmoid(),36,0.010227012615855579,0.007986499821734532,0.020664215087890625,0.007376904403300662
Breast_Cancer_Wisconsin,AE_loss_values,3,0.01,32,500,Sigmoid(),Sigmoid(),37,0.010206357129736917,0.007924293543685946,0.020811080932617188,0.007376904403300662
Breast_Cancer_Wisconsin,AE_loss_values,3,0.01,32,500,Sigmoid(),Sigmoid(),38,0.010206201070776353,0.00795698734490495,0.020665645599365234,0.007376904403300662
Breast_Cancer_Wisconsin,AE_loss_values,3,0.01,32,500,Sigmoid(),Sigmoid(),39,0.010164327283932285,0.007949787812928358,0.020656347274780273,0.007376904403300662
Breast_Cancer_Wisconsin,AE_loss_values,3,0.01,32,500,Sigmoid(),Sigmoid(),40,0.010137257890796269,0.007843468681369958,0.020841121673583984,0.007376904403300662
Breast_Cancer_Wisconsin,AE_loss_values,3,0.01,32,500,Sigmoid(),Sigmoid(),41,0.010161704672398148,0.007939169861441641,0.02066183090209961,0.007376904403300662
Breast_Cancer_Wisconsin,AE_loss_values,3,0.01,32,500,Sigmoid(),Sigmoid(),42,0.010154696803662802,0.00784620801150276,0.02075815200805664,0.007376904403300662
Breast_Cancer_Wisconsin,AE_loss_values,3,0.01,32,500,Sigmoid(),Sigmoid(),43,0.010133385997019954,0.007910443453543019,0.020726442337036133,0.007376904403300662
Breast_Cancer_Wisconsin,AE_loss_values,3,0.01,32,500,Sigmoid(),Sigmoid(),44,0.010145142936444545,0.007912686519455491,0.02076888084411621,0.007376904403300662
Breast_Cancer_Wisconsin,AE_loss_values,3,0.01,32,500,Sigmoid(),Sigmoid(),45,0.01014013798641307,0.007931893560708616,0.020826339721679688,0.007376904403300662
Breast_Cancer_Wisconsin,AE_loss_values,3,0.01,32,500,Sigmoid(),Sigmoid(),46,0.010120776848314883,0.007869920660659932,0.02078843116760254,0.007376904403300662
Breast_Cancer_Wisconsin,AE_loss_values,3,0.01,32,500,Sigmoid(),Sigmoid(),47,0.010127489578879469,0.008011962123738047,0.021049976348876953,0.007376904403300662
Breast_Cancer_Wisconsin,AE_loss_values,3,0.01,32,500,Sigmoid(),Sigmoid(),48,0.010146242073112792,0.007786793127786695,0.02092289924621582,0.007376904403300662
Breast_Cancer_Wisconsin,AE_loss_values,3,0.01,32,500,Sigmoid(),Sigmoid(),49,0.010151300499481814,0.008050095657572934,0.02098560333251953,0.007376904403300662
Breast_Cancer_Wisconsin,AE_loss_values,3,0.01,32,500,Sigmoid(),Sigmoid(),50,0.010115213796578267,0.007918036036324082,0.020905017852783203,0.007376904403300662
Breast_Cancer_Wisconsin,AE_loss_values,3,0.01,32,500,Sigmoid(),Sigmoid(),51,0.010101989537968741,0.007871948313294795,0.020978689193725586,0.007376904403300662
Breast_Cancer_Wisconsin,AE_loss_values,3,0.01,32,500,Sigmoid(),Sigmoid(),52,0.010076799823974188,0.007906490389519093,0.021032333374023438,0.007376904403300662
Breast_Cancer_Wisconsin,AE_loss_values,3,0.01,32,500,Sigmoid(),Sigmoid(),53,0.010100011171384171,0.0079218490016565,0.020931005477905273,0.007376904403300662
Breast_Cancer_Wisconsin,AE_loss_values,3,0.01,32,500,Sigmoid(),Sigmoid(),54,0.010095094213937665,0.007790449843333478,0.020926713943481445,0.007376904403300662
Breast_Cancer_Wisconsin,AE_loss_values,3,0.01,32,500,Sigmoid(),Sigmoid(),55,0.010040188183660035,0.007974960775882528,0.02092123031616211,0.007376904403300662
Breast_Cancer_Wisconsin,AE_loss_values,3,0.01,32,500,Sigmoid(),Sigmoid(),56,0.010083061894708938,0.007872022639371846,0.020942211151123047,0.007376904403300662
Breast_Cancer_Wisconsin,AE_loss_values,3,0.01,32,500,Sigmoid(),Sigmoid(),57,0.010040011967194604,0.00791639935944164,0.021022319793701172,0.007376904403300662
Breast_Cancer_Wisconsin,AE_loss_values,3,0.01,32,500,Sigmoid(),Sigmoid(),58,0.010038271877955604,0.007742722159284249,0.02084517478942871,0.007376904403300662
Breast_Cancer_Wisconsin,AE_loss_values,3,0.01,32,500,Sigmoid(),Sigmoid(),59,0.01002450434511507,0.007888861703114551,0.020850419998168945,0.007376904403300662
Breast_Cancer_Wisconsin,AE_loss_values,3,0.01,32,500,Sigmoid(),Sigmoid(),60,0.010025602385688287,0.0077879548138170916,0.020866870880126953,0.007376904403300662
Breast_Cancer_Wisconsin,AE_loss_values,3,0.01,32,500,Sigmoid(),Sigmoid(),61,0.010015043638810351,0.007874174043536186,0.020937681198120117,0.007376904403300662
Breast_Cancer_Wisconsin,AE_loss_values,3,0.01,32,500,Sigmoid(),Sigmoid(),62,0.010083580975021635,0.00780636532918403,0.020882368087768555,0.007376904403300662
Breast_Cancer_Wisconsin,AE_loss_values,3,0.01,32,500,Sigmoid(),Sigmoid(),63,0.010055939167492338,0.007846022008411717,0.02085256576538086,0.007376904403300662
Breast_Cancer_Wisconsin,AE_loss_values,3,0.01,32,500,Sigmoid(),Sigmoid(),64,0.010093941692017265,0.007893080300275693,0.020899534225463867,0.007376904403300662
Breast_Cancer_Wisconsin,AE_loss_values,3,0.01,32,500,Sigmoid(),Sigmoid(),65,0.010025190021638031,0.007818774532592087,0.020835399627685547,0.007376904403300662
Breast_Cancer_Wisconsin,AE_loss_values,3,0.01,32,500,Sigmoid(),Sigmoid(),66,0.010005218058742665,0.007820994968999895,0.021018266677856445,0.007376904403300662
Breast_Cancer_Wisconsin,AE_loss_values,3,0.01,32,500,Sigmoid(),Sigmoid(),67,0.009960453865210434,0.00794573706623755,0.020871400833129883,0.007376904403300662
Breast_Cancer_Wisconsin,AE_loss_values,3,0.01,32,500,Sigmoid(),Sigmoid(),68,0.010031995813843312,0.007820345477707553,0.020813941955566406,0.007376904403300662
Breast_Cancer_Wisconsin,AE_loss_values,3,0.01,32,500,Sigmoid(),Sigmoid(),69,0.009956554356184635,0.007949676903847017,0.020770788192749023,0.007376904403300662
Breast_Cancer_Wisconsin,AE_loss_values,3,0.01,32,500,Sigmoid(),Sigmoid(),70,0.010144725816508571,0.007835681117221452,0.020819902420043945,0.007376904403300662
Breast_Cancer_Wisconsin,AE_loss_values,3,0.01,32,500,Sigmoid(),Sigmoid(),71,0.010088512020001373,0.007896743592266975,0.020858049392700195,0.007376904403300662
Breast_Cancer_Wisconsin,AE_loss_values,3,0.01,32,500,Sigmoid(),Sigmoid(),72,0.010091888679416626,0.00792045163382825,0.020770788192749023,0.007376904403300662
Breast_Cancer_Wisconsin,AE_loss_values,3,0.01,32,500,Sigmoid(),Sigmoid(),73,0.010055650932366376,0.007803762037503092,0.020776748657226562,0.007376904403300662
Breast_Cancer_Wisconsin,AE_loss_values,3,0.01,32,500,Sigmoid(),Sigmoid(),74,0.009928518766025593,0.00794590393636833,0.020796537399291992,0.007376904403300662
Breast_Cancer_Wisconsin,AE_loss_values,3,0.01,32,500,Sigmoid(),Sigmoid(),75,0.009952846363923707,0.007788544202125386,0.020772218704223633,0.007376904403300662
Breast_Cancer_Wisconsin,AE_loss_values,3,0.01,32,500,Sigmoid(),Sigmoid(),76,0.009943808191507073,0.007843164645396826,0.020890235900878906,0.007376904403300662
Breast_Cancer_Wisconsin,AE_loss_values,3,0.01,32,500,Sigmoid(),Sigmoid(),77,0.010014743949440155,0.00792048324977881,0.020749807357788086,0.007376904403300662
Breast_Cancer_Wisconsin,AE_loss_values,3,0.01,32,500,Sigmoid(),Sigmoid(),78,0.009971212732841026,0.007720184847385737,0.020877361297607422,0.007376904403300662
Breast_Cancer_Wisconsin,AE_loss_values,3,0.01,32,500,Sigmoid(),Sigmoid(),79,0.009907321019896439,0.00782163699337265,0.020788908004760742,0.007376904403300662
Breast_Cancer_Wisconsin,AE_loss_values,3,0.01,32,500,Sigmoid(),Sigmoid(),80,0.009961753049967707,0.007942085521981904,0.020878314971923828,0.007376904403300662
Breast_Cancer_Wisconsin,AE_loss_values,3,0.01,32,500,Sigmoid(),Sigmoid(),81,0.009976865708377662,0.00774480525012079,0.02081441879272461,0.007376904403300662
Breast_Cancer_Wisconsin,AE_loss_values,3,0.01,32,500,Sigmoid(),Sigmoid(),82,0.009916529558844618,0.007807693280802484,0.020799875259399414,0.007376904403300662
Breast_Cancer_Wisconsin,AE_loss_values,3,0.01,32,500,Sigmoid(),Sigmoid(),83,0.009861810181985845,0.007780392964680989,0.020798921585083008,0.007376904403300662
Breast_Cancer_Wisconsin,AE_loss_values,3,0.01,32,500,Sigmoid(),Sigmoid(),84,0.009863838864551796,0.007790971416653248,0.020802021026611328,0.007376904403300662
Breast_Cancer_Wisconsin,AE_loss_values,3,0.01,32,500,Sigmoid(),Sigmoid(),85,0.010006863687310245,0.007773512794652529,0.020941972732543945,0.007376904403300662
Breast_Cancer_Wisconsin,AE_loss_values,3,0.01,32,500,Sigmoid(),Sigmoid(),86,0.009884116532547133,0.007900488211593608,0.020792007446289062,0.007376904403300662
Breast_Cancer_Wisconsin,AE_loss_values,3,0.01,32,500,Sigmoid(),Sigmoid(),87,0.009883488751538508,0.007660011385093655,0.020772218704223633,0.007376904403300662
Breast_Cancer_Wisconsin,AE_loss_values,3,0.01,32,500,Sigmoid(),Sigmoid(),88,0.009854940472395865,0.007754998101869174,0.020824670791625977,0.007376904403300662
Breast_Cancer_Wisconsin,AE_loss_values,3,0.01,32,500,Sigmoid(),Sigmoid(),89,0.009886605677368876,0.007714180618916687,0.020827293395996094,0.007376904403300662
Breast_Cancer_Wisconsin,AE_loss_values,3,0.01,32,500,Sigmoid(),Sigmoid(),90,0.009862647932227497,0.007759076420609888,0.020879745483398438,0.007376904403300662
Breast_Cancer_Wisconsin,AE_loss_values,3,0.01,32,500,Sigmoid(),Sigmoid(),91,0.009853781278726164,0.007726339901094897,0.02082371711730957,0.007376904403300662
Breast_Cancer_Wisconsin,AE_loss_values,3,0.01,32,500,Sigmoid(),Sigmoid(),92,0.009835387133880632,0.007716031156872448,0.020791053771972656,0.007376904403300662
Breast_Cancer_Wisconsin,AE_loss_values,3,0.01,32,500,Sigmoid(),Sigmoid(),93,0.009782592901079865,0.007716327489010598,0.020811796188354492,0.007376904403300662
Breast_Cancer_Wisconsin,AE_loss_values,3,0.01,32,500,Sigmoid(),Sigmoid(),94,0.009798296536881844,0.007705100664966985,0.02079463005065918,0.007376904403300662
Breast_Cancer_Wisconsin,AE_loss_values,3,0.01,32,500,Sigmoid(),Sigmoid(),95,0.009790622148212495,0.007767415964943275,0.02091526985168457,0.007376904403300662
Breast_Cancer_Wisconsin,AE_loss_values,3,0.01,32,500,Sigmoid(),Sigmoid(),96,0.009763063028823215,0.007649750751034732,0.020804405212402344,0.007376904403300662
Breast_Cancer_Wisconsin,AE_loss_values,3,0.01,32,500,Sigmoid(),Sigmoid(),97,0.009775876822871166,0.007761826289392877,0.020766019821166992,0.007376904403300662
Breast_Cancer_Wisconsin,AE_loss_values,3,0.01,32,500,Sigmoid(),Sigmoid(),98,0.009776844068911376,0.007669850513992603,0.020778179168701172,0.007376904403300662
Breast_Cancer_Wisconsin,AE_loss_values,3,0.01,32,500,Sigmoid(),Sigmoid(),99,0.0097625071019098,0.007643040849647501,0.02076888084411621,0.007376904403300662
Breast_Cancer_Wisconsin,AE_loss_values,3,0.01,32,500,Sigmoid(),Sigmoid(),100,0.009757207682008271,0.008049345607951022,0.020909547805786133,0.007376904403300662
Breast_Cancer_Wisconsin,AE_loss_values,3,0.01,32,500,Sigmoid(),Sigmoid(),101,0.009883979798018278,0.007613420747874076,0.020809650421142578,0.007376904403300662
Breast_Cancer_Wisconsin,AE_loss_values,3,0.01,32,500,Sigmoid(),Sigmoid(),102,0.009760248656947534,0.008121356106641,0.020769357681274414,0.007376904403300662
Breast_Cancer_Wisconsin,AE_loss_values,3,0.01,32,500,Sigmoid(),Sigmoid(),103,0.010026173556612415,0.00783164664416721,0.020787715911865234,0.007376904403300662
Breast_Cancer_Wisconsin,AE_loss_values,3,0.01,32,500,Sigmoid(),Sigmoid(),104,0.009880340543503945,0.00786327869680367,0.020892620086669922,0.007376904403300662
Breast_Cancer_Wisconsin,AE_loss_values,3,0.01,32,500,Sigmoid(),Sigmoid(),105,0.009853457305375691,0.007749779738093677,0.020867347717285156,0.007376904403300662
Breast_Cancer_Wisconsin,AE_loss_values,3,0.01,32,500,Sigmoid(),Sigmoid(),106,0.00976752007973718,0.007601346632694466,0.020764827728271484,0.007376904403300662
Breast_Cancer_Wisconsin,AE_loss_values,3,0.01,32,500,Sigmoid(),Sigmoid(),107,0.009745746155034055,0.007710850977322511,0.020760059356689453,0.007376904403300662
Breast_Cancer_Wisconsin,AE_loss_values,3,0.01,32,500,Sigmoid(),Sigmoid(),108,0.009864469299318043,0.007646461556616582,0.020749330520629883,0.007376904403300662
Breast_Cancer_Wisconsin,AE_loss_values,3,0.01,32,500,Sigmoid(),Sigmoid(),109,0.009808957507158374,0.007835243420119872,0.020850181579589844,0.007376904403300662
Breast_Cancer_Wisconsin,AE_loss_values,3,0.01,32,500,Sigmoid(),Sigmoid(),110,0.009840086149563502,0.007620181275629683,0.0207977294921875,0.007376904403300662
Breast_Cancer_Wisconsin,AE_loss_values,3,0.01,32,500,Sigmoid(),Sigmoid(),111,0.009859527723229193,0.007854289554974489,0.020751953125,0.007376904403300662
Breast_Cancer_Wisconsin,AE_loss_values,3,0.01,32,500,Sigmoid(),Sigmoid(),112,0.009859180030832578,0.007721519751245515,0.02076554298400879,0.007376904403300662
Breast_Cancer_Wisconsin,AE_loss_values,3,0.01,32,500,Sigmoid(),Sigmoid(),113,0.009769987071362826,0.00764918346938334,0.02074122428894043,0.007376904403300662
Breast_Cancer_Wisconsin,AE_loss_values,3,0.01,32,500,Sigmoid(),Sigmoid(),114,0.00968302525375243,0.007563503287536533,0.020934343338012695,0.007376904403300662
Breast_Cancer_Wisconsin,AE_loss_values,3,0.01,32,500,Sigmoid(),Sigmoid(),115,0.00971563526398533,0.007776505738627492,0.02077937126159668,0.007376904403300662
Breast_Cancer_Wisconsin,AE_loss_values,3,0.01,32,500,Sigmoid(),Sigmoid(),116,0.00973890605536136,0.00817570474260209,0.020777225494384766,0.007376904403300662
Breast_Cancer_Wisconsin,AE_loss_values,3,0.01,32,500,Sigmoid(),Sigmoid(),117,0.009884801764900867,0.007733594266730442,0.020804405212402344,0.007376904403300662
Breast_Cancer_Wisconsin,AE_loss_values,3,0.01,32,500,Sigmoid(),Sigmoid(),118,0.009739024132735781,0.007798500522448306,0.020750045776367188,0.007376904403300662
Breast_Cancer_Wisconsin,AE_loss_values,3,0.01,32,500,Sigmoid(),Sigmoid(),119,0.009730045941586678,0.00758651554943961,0.020827054977416992,0.007376904403300662
Breast_Cancer_Wisconsin,AE_loss_values,3,0.01,32,500,Sigmoid(),Sigmoid(),120,0.009708898647555282,0.007537529280964742,0.02078104019165039,0.007376904403300662
Breast_Cancer_Wisconsin,AE_loss_values,3,0.01,32,500,Sigmoid(),Sigmoid(),121,0.009622703207104089,0.0076132976335653085,0.0207674503326416,0.007376904403300662
Breast_Cancer_Wisconsin,AE_loss_values,3,0.01,32,500,Sigmoid(),Sigmoid(),122,0.009661556356637688,0.007555787876379071,0.0207674503326416,0.007376904403300662
Breast_Cancer_Wisconsin,AE_loss_values,3,0.01,32,500,Sigmoid(),Sigmoid(),123,0.009684145388162726,0.007533852460287642,0.02077507972717285,0.007376904403300662
Breast_Cancer_Wisconsin,AE_loss_values,3,0.01,32,500,Sigmoid(),Sigmoid(),124,0.009663952973026496,0.007529154093119136,0.020933151245117188,0.007376904403300662
Breast_Cancer_Wisconsin,AE_loss_values,3,0.01,32,500,Sigmoid(),Sigmoid(),125,0.009658168534656147,0.007494246677021708,0.020782947540283203,0.007376904403300662
Breast_Cancer_Wisconsin,AE_loss_values,3,0.01,32,500,Sigmoid(),Sigmoid(),126,0.009640976704738952,0.007497067326320368,0.02094125747680664,0.007376904403300662
Breast_Cancer_Wisconsin,AE_loss_values,3,0.01,32,500,Sigmoid(),Sigmoid(),127,0.009712567780125927,0.007583029511008869,0.020831584930419922,0.007376904403300662
Breast_Cancer_Wisconsin,AE_loss_values,3,0.01,32,500,Sigmoid(),Sigmoid(),128,0.009637255573665703,0.007571258582174778,0.02088332176208496,0.007376904403300662
Breast_Cancer_Wisconsin,AE_loss_values,3,0.01,32,500,Sigmoid(),Sigmoid(),129,0.00972175066778948,0.007661836434221058,0.020827531814575195,0.007376904403300662
Breast_Cancer_Wisconsin,AE_loss_values,3,0.01,32,500,Sigmoid(),Sigmoid(),130,0.0098546477914839,0.0075444611965825685,0.02084493637084961,0.007376904403300662
Breast_Cancer_Wisconsin,AE_loss_values,3,0.01,32,500,Sigmoid(),Sigmoid(),131,0.009864860990054005,0.0076864038741118025,0.020845413208007812,0.007376904403300662
Breast_Cancer_Wisconsin,AE_loss_values,3,0.01,32,500,Sigmoid(),Sigmoid(),132,0.009736172674776434,0.007576296318387776,0.020813703536987305,0.007376904403300662
Breast_Cancer_Wisconsin,AE_loss_values,3,0.01,32,500,Sigmoid(),Sigmoid(),133,0.009737054475552433,0.007507783720237121,0.02094745635986328,0.007376904403300662
Breast_Cancer_Wisconsin,AE_loss_values,3,0.01,32,500,Sigmoid(),Sigmoid(),134,0.00979314450952378,0.008006224760034104,0.020850181579589844,0.007376904403300662
Breast_Cancer_Wisconsin,AE_loss_values,3,0.01,32,500,Sigmoid(),Sigmoid(),135,0.009998213949070854,0.007729780664177318,0.02078866958618164,0.007376904403300662
Breast_Cancer_Wisconsin,AE_loss_values,3,0.01,32,500,Sigmoid(),Sigmoid(),136,0.009946522595626967,0.007647633078720486,0.020823001861572266,0.007376904403300662
Breast_Cancer_Wisconsin,AE_loss_values,3,0.01,32,500,Sigmoid(),Sigmoid(),137,0.009683239877551467,0.007499199573015957,0.020773887634277344,0.007376904403300662
Breast_Cancer_Wisconsin,AE_loss_values,3,0.01,32,500,Sigmoid(),Sigmoid(),138,0.009684185063527835,0.007641011930740716,0.020863771438598633,0.007376904403300662
Breast_Cancer_Wisconsin,AE_loss_values,3,0.01,32,500,Sigmoid(),Sigmoid(),139,0.009754022986597412,0.007499544219555039,0.020816802978515625,0.007376904403300662
Breast_Cancer_Wisconsin,AE_loss_values,3,0.01,32,500,Sigmoid(),Sigmoid(),140,0.009633179956658201,0.007638557405586829,0.02074718475341797,0.007376904403300662
Breast_Cancer_Wisconsin,AE_loss_values,3,0.01,32,500,Sigmoid(),Sigmoid(),141,0.009617073994621143,0.0075439485443527235,0.020758390426635742,0.007376904403300662
Breast_Cancer_Wisconsin,AE_loss_values,3,0.01,32,500,Sigmoid(),Sigmoid(),142,0.009612410732514256,0.007821606733558471,0.020743370056152344,0.007376904403300662
Breast_Cancer_Wisconsin,AE_loss_values,3,0.01,32,500,Sigmoid(),Sigmoid(),143,0.009667844329397757,0.007621584018986476,0.02092266082763672,0.007376904403300662
Breast_Cancer_Wisconsin,AE_loss_values,3,0.01,32,500,Sigmoid(),Sigmoid(),144,0.009711935575846787,0.007664082441152188,0.02077484130859375,0.007376904403300662
Breast_Cancer_Wisconsin,AE_loss_values,3,0.01,32,500,Sigmoid(),Sigmoid(),145,0.009626547020993062,0.007595843333228116,0.020769834518432617,0.007376904403300662
Breast_Cancer_Wisconsin,AE_loss_values,3,0.01,32,500,Sigmoid(),Sigmoid(),146,0.00964110126043414,0.007559024500088734,0.0207517147064209,0.007376904403300662
Breast_Cancer_Wisconsin,AE_loss_values,3,0.01,32,500,Sigmoid(),Sigmoid(),147,0.009590596818252578,0.007512443600908706,0.020781517028808594,0.007376904403300662
Breast_Cancer_Wisconsin,AE_loss_values,3,0.01,32,500,Sigmoid(),Sigmoid(),148,0.009577600344769902,0.007594393206792965,0.02084827423095703,0.007376904403300662
Breast_Cancer_Wisconsin,AE_loss_values,3,0.01,32,500,Sigmoid(),Sigmoid(),149,0.009576860158243676,0.007553460819875462,0.020792484283447266,0.007376904403300662
Breast_Cancer_Wisconsin,AE_loss_values,3,0.01,32,500,Sigmoid(),Sigmoid(),150,0.009581893887166138,0.0075988585390804105,0.020772933959960938,0.007376904403300662
Breast_Cancer_Wisconsin,AE_loss_values,3,0.01,32,500,Sigmoid(),Sigmoid(),151,0.009612575263439954,0.007518783791742304,0.02074742317199707,0.007376904403300662
Breast_Cancer_Wisconsin,AE_loss_values,3,0.01,32,500,Sigmoid(),Sigmoid(),152,0.009675600830015245,0.0076477505233988425,0.020873546600341797,0.007376904403300662
Breast_Cancer_Wisconsin,AE_loss_values,3,0.01,32,500,Sigmoid(),Sigmoid(),153,0.009672482338334834,0.007567640197904487,0.020798444747924805,0.007376904403300662
Breast_Cancer_Wisconsin,AE_loss_values,3,0.01,32,500,Sigmoid(),Sigmoid(),154,0.00969982715016538,0.007646036040233939,0.02079463005065918,0.007376904403300662
Breast_Cancer_Wisconsin,AE_loss_values,3,0.01,32,500,Sigmoid(),Sigmoid(),155,0.009726331067773012,0.007503733774156947,0.02078104019165039,0.007376904403300662
Breast_Cancer_Wisconsin,AE_loss_values,3,0.01,32,500,Sigmoid(),Sigmoid(),156,0.009753232578245494,0.00784444500153002,0.02077937126159668,0.007376904403300662
Breast_Cancer_Wisconsin,AE_loss_values,3,0.01,32,500,Sigmoid(),Sigmoid(),157,0.009707413951528597,0.007603887386881469,0.020830631256103516,0.007376904403300662
Breast_Cancer_Wisconsin,AE_loss_values,3,0.01,32,500,Sigmoid(),Sigmoid(),158,0.009629475691734434,0.007527518854068036,0.020792484283447266,0.007376904403300662
Breast_Cancer_Wisconsin,AE_loss_values,3,0.01,32,500,Sigmoid(),Sigmoid(),159,0.009591314887402804,0.007498435953860743,0.020769119262695312,0.007376904403300662
Breast_Cancer_Wisconsin,AE_loss_values,3,0.01,32,500,Sigmoid(),Sigmoid(),160,0.009565668061866865,0.007552808559123884,0.020771265029907227,0.007376904403300662
Breast_Cancer_Wisconsin,AE_loss_values,3,0.01,32,500,Sigmoid(),Sigmoid(),161,0.009557541189612924,0.007417676128904547,0.020784854888916016,0.007376904403300662
Breast_Cancer_Wisconsin,AE_loss_values,3,0.01,32,500,Sigmoid(),Sigmoid(),162,0.009547658201184247,0.007468087435291524,0.020904541015625,0.007376904403300662
Breast_Cancer_Wisconsin,AE_loss_values,3,0.01,32,500,Sigmoid(),Sigmoid(),163,0.009627665043040946,0.007506167132146003,0.020766735076904297,0.007376904403300662
Breast_Cancer_Wisconsin,AE_loss_values,3,0.01,32,500,Sigmoid(),Sigmoid(),164,0.009539680377385774,0.007549463036028962,0.0210573673248291,0.007376904403300662
Breast_Cancer_Wisconsin,AE_loss_values,3,0.01,32,500,Sigmoid(),Sigmoid(),165,0.009550166999982608,0.007408566462496917,0.020821571350097656,0.007376904403300662
Breast_Cancer_Wisconsin,AE_loss_values,3,0.01,32,500,Sigmoid(),Sigmoid(),166,0.009543301327829505,0.007488046143726821,0.020742416381835938,0.007376904403300662
Breast_Cancer_Wisconsin,AE_loss_values,3,0.01,32,500,Sigmoid(),Sigmoid(),167,0.009537776306803738,0.007507201284170151,0.020804882049560547,0.007376904403300662
Breast_Cancer_Wisconsin,AE_loss_values,3,0.01,32,500,Sigmoid(),Sigmoid(),168,0.00952134960341257,0.007446695535786842,0.020737171173095703,0.007376904403300662
Breast_Cancer_Wisconsin,AE_loss_values,3,0.01,32,500,Sigmoid(),Sigmoid(),169,0.009491933112616067,0.0073699671284932836,0.02071833610534668,0.007376904403300662
Breast_Cancer_Wisconsin,AE_loss_values,3,0.01,32,500,Sigmoid(),Sigmoid(),170,0.009592425573494408,0.0074584092618080605,0.02077007293701172,0.007376904403300662
Breast_Cancer_Wisconsin,AE_loss_values,3,0.01,32,500,Sigmoid(),Sigmoid(),171,0.009654718155430241,0.007616889156531869,0.020734786987304688,0.007376904403300662
Breast_Cancer_Wisconsin,AE_loss_values,3,0.01,32,500,Sigmoid(),Sigmoid(),172,0.009572017596072548,0.007582970821347676,0.020956039428710938,0.007376904403300662
Breast_Cancer_Wisconsin,AE_loss_values,3,0.01,32,500,Sigmoid(),Sigmoid(),173,0.009574881928798917,0.007771993235668592,0.020804643630981445,0.007376904403300662
Breast_Cancer_Wisconsin,AE_loss_values,3,0.01,32,500,Sigmoid(),Sigmoid(),174,0.00966586715408734,0.007779202423989773,0.02086353302001953,0.007376904403300662
Breast_Cancer_Wisconsin,AE_loss_values,3,0.01,32,500,Sigmoid(),Sigmoid(),175,0.009685003734961315,0.007549010086477848,0.02074718475341797,0.007376904403300662
Breast_Cancer_Wisconsin,AE_loss_values,3,0.01,32,500,Sigmoid(),Sigmoid(),176,0.009574558377102181,0.007711491090033138,0.020838260650634766,0.007376904403300662
Breast_Cancer_Wisconsin,AE_loss_values,3,0.01,32,500,Sigmoid(),Sigmoid(),177,0.009659958827299076,0.007432156430328624,0.020770788192749023,0.007376904403300662
Breast_Cancer_Wisconsin,AE_loss_values,3,0.01,32,500,Sigmoid(),Sigmoid(),178,0.009584531513462355,0.0074464910859732255,0.020798921585083008,0.007376904403300662
Breast_Cancer_Wisconsin,AE_loss_values,3,0.01,32,500,Sigmoid(),Sigmoid(),179,0.009599055229061907,0.007576256255178075,0.020821332931518555,0.007376904403300662
Breast_Cancer_Wisconsin,AE_loss_values,3,0.01,32,500,Sigmoid(),Sigmoid(),180,0.009571612092082972,0.007474475262457864,0.0207974910736084,0.007376904403300662
Breast_Cancer_Wisconsin,AE_loss_values,3,0.01,32,500,Sigmoid(),Sigmoid(),181,0.009497809108182952,0.007445511310116241,0.02094268798828125,0.007376904403300662
Breast_Cancer_Wisconsin,AE_loss_values,3,0.01,32,500,Sigmoid(),Sigmoid(),182,0.009475968375924852,0.007408724362520795,0.02077627182006836,0.007376904403300662
Breast_Cancer_Wisconsin,AE_loss_values,3,0.01,32,500,Sigmoid(),Sigmoid(),183,0.009553301000742467,0.007474526599572416,0.020801782608032227,0.007376904403300662
Breast_Cancer_Wisconsin,AE_loss_values,3,0.01,32,500,Sigmoid(),Sigmoid(),184,0.009526649995573929,0.007804973949596547,0.020827770233154297,0.007376904403300662
Breast_Cancer_Wisconsin,AE_loss_values,3,0.01,32,500,Sigmoid(),Sigmoid(),185,0.009806993985446273,0.0079302007757258,0.020840167999267578,0.007376904403300662
Breast_Cancer_Wisconsin,AE_loss_values,3,0.01,32,500,Sigmoid(),Sigmoid(),186,0.009953941848988717,0.007814045194863227,0.02086019515991211,0.007376904403300662
Breast_Cancer_Wisconsin,AE_loss_values,3,0.01,32,500,Sigmoid(),Sigmoid(),187,0.009701382125226352,0.007811669423653369,0.020827293395996094,0.007376904403300662
Breast_Cancer_Wisconsin,AE_loss_values,3,0.01,32,500,Sigmoid(),Sigmoid(),188,0.0096982491970226,0.007487054513930751,0.020818471908569336,0.007376904403300662
Breast_Cancer_Wisconsin,AE_loss_values,3,0.01,32,500,Sigmoid(),Sigmoid(),189,0.009627113491296769,0.007706082769130406,0.020778894424438477,0.007376904403300662
Breast_Cancer_Wisconsin,AE_loss_values,3,0.01,32,500,Sigmoid(),Sigmoid(),190,0.009625819386852967,0.007457762335737546,0.020788908004760742,0.007376904403300662
Breast_Cancer_Wisconsin,AE_loss_values,3,0.01,32,500,Sigmoid(),Sigmoid(),191,0.009571287340924635,0.007980182374778547,0.020885467529296875,0.007376904403300662
Breast_Cancer_Wisconsin,AE_loss_values,3,0.01,32,500,Sigmoid(),Sigmoid(),192,0.009585237543989013,0.0075912649106038245,0.020807504653930664,0.007376904403300662
Breast_Cancer_Wisconsin,AE_loss_values,3,0.01,32,500,Sigmoid(),Sigmoid(),193,0.009540455119049811,0.007422653075895812,0.020821094512939453,0.007376904403300662
Breast_Cancer_Wisconsin,AE_loss_values,3,0.01,32,500,Sigmoid(),Sigmoid(),194,0.009721639824028199,0.007620085921269237,0.02073812484741211,0.007376904403300662
Breast_Cancer_Wisconsin,AE_loss_values,3,0.01,32,500,Sigmoid(),Sigmoid(),195,0.00956456372412024,0.007497306717069526,0.020761489868164062,0.007376904403300662
Breast_Cancer_Wisconsin,AE_loss_values,3,0.01,32,500,Sigmoid(),Sigmoid(),196,0.00950207767782958,0.007388629754515071,0.0208284854888916,0.007376904403300662
Breast_Cancer_Wisconsin,AE_loss_values,3,0.01,32,500,Sigmoid(),Sigmoid(),197,0.009487641014281538,0.007598348386716424,0.020764827728271484,0.007376904403300662
Breast_Cancer_Wisconsin,AE_loss_values,3,0.01,32,500,Sigmoid(),Sigmoid(),198,0.009544513700018218,0.007698506198562028,0.020790576934814453,0.007376904403300662
Breast_Cancer_Wisconsin,AE_loss_values,3,0.01,32,500,Sigmoid(),Sigmoid(),199,0.009598877106967208,0.007404641477031666,0.02077937126159668,0.007376904403300662
Breast_Cancer_Wisconsin,AE_loss_values,3,0.01,32,500,Sigmoid(),Sigmoid(),200,0.00959491272978894,0.007537606270297577,0.020822525024414062,0.007376904403300662
Breast_Cancer_Wisconsin,AE_loss_values,3,0.01,32,500,Sigmoid(),Sigmoid(),201,0.00955356145789335,0.007464906576563392,0.020814895629882812,0.007376904403300662
Breast_Cancer_Wisconsin,AE_loss_values,3,0.01,32,500,Sigmoid(),Sigmoid(),202,0.009638365695846605,0.007809206630969257,0.02078533172607422,0.007376904403300662
Breast_Cancer_Wisconsin,AE_loss_values,3,0.01,32,500,Sigmoid(),Sigmoid(),203,0.009636567618984442,0.007444256205896014,0.020801782608032227,0.007376904403300662
Breast_Cancer_Wisconsin,AE_loss_values,3,0.01,32,500,Sigmoid(),Sigmoid(),204,0.00954192521071041,0.007584130938834788,0.020764827728271484,0.007376904403300662
Breast_Cancer_Wisconsin,AE_loss_values,3,0.01,32,500,Sigmoid(),Sigmoid(),205,0.00956215540888709,0.007508592206265843,0.020831823348999023,0.007376904403300662
Breast_Cancer_Wisconsin,AE_loss_values,3,0.01,32,500,Sigmoid(),Sigmoid(),206,0.009500234458431765,0.007501116602501848,0.020740509033203125,0.007376904403300662
Breast_Cancer_Wisconsin,AE_loss_values,3,0.01,32,500,Sigmoid(),Sigmoid(),207,0.009468389924738434,0.007396123527238767,0.020796537399291992,0.007376904403300662
Breast_Cancer_Wisconsin,AE_loss_values,3,0.01,32,500,Sigmoid(),Sigmoid(),208,0.00949048025144653,0.007453989025140018,0.02077770233154297,0.007376904403300662
Breast_Cancer_Wisconsin,AE_loss_values,3,0.01,32,500,Sigmoid(),Sigmoid(),209,0.009505942257141674,0.007367900392988272,0.020756244659423828,0.007376904403300662
Breast_Cancer_Wisconsin,AE_loss_values,3,0.01,32,500,Sigmoid(),Sigmoid(),210,0.009452303871512413,0.007504841966325776,0.02090930938720703,0.007376904403300662
Breast_Cancer_Wisconsin,AE_loss_values,3,0.01,32,500,Sigmoid(),Sigmoid(),211,0.009461180099214499,0.0074262261276313085,0.020756959915161133,0.007376904403300662
Breast_Cancer_Wisconsin,AE_loss_values,3,0.01,32,500,Sigmoid(),Sigmoid(),212,0.009479008030637608,0.0074427863909748565,0.02076554298400879,0.007376904403300662
Breast_Cancer_Wisconsin,AE_loss_values,3,0.01,32,500,Sigmoid(),Sigmoid(),213,0.009418659886488547,0.007468619923058309,0.020778894424438477,0.007376904403300662
Breast_Cancer_Wisconsin,AE_loss_values,3,0.01,32,500,Sigmoid(),Sigmoid(),214,0.009592945669051054,0.0077274980252249196,0.020756244659423828,0.007376904403300662
Breast_Cancer_Wisconsin,AE_loss_values,3,0.01,32,500,Sigmoid(),Sigmoid(),215,0.009537189433371628,0.007398077866814116,0.020855426788330078,0.007376904403300662
Breast_Cancer_Wisconsin,AE_loss_values,3,0.01,32,500,Sigmoid(),Sigmoid(),216,0.009513009503320024,0.0073759714631657855,0.020779848098754883,0.007376904403300662
Breast_Cancer_Wisconsin,AE_loss_values,3,0.01,32,500,Sigmoid(),Sigmoid(),217,0.009520762690066636,0.0075212086861332255,0.02077198028564453,0.007376904403300662
Breast_Cancer_Wisconsin,AE_loss_values,3,0.01,32,500,Sigmoid(),Sigmoid(),218,0.00948899405506941,0.007440962273170028,0.020750999450683594,0.007376904403300662
Breast_Cancer_Wisconsin,AE_loss_values,3,0.01,32,500,Sigmoid(),Sigmoid(),219,0.009454572022698083,0.007430355456706725,0.0207827091217041,0.007376904403300662
Breast_Cancer_Wisconsin,AE_loss_values,3,0.01,32,500,Sigmoid(),Sigmoid(),220,0.009477041241109044,0.007381015171280555,0.020914316177368164,0.007376904403300662
Breast_Cancer_Wisconsin,AE_loss_values,3,0.01,32,500,Sigmoid(),Sigmoid(),221,0.009420716002133194,0.007457541040422623,0.02080249786376953,0.007376904403300662
Breast_Cancer_Wisconsin,AE_loss_values,3,0.01,32,500,Sigmoid(),Sigmoid(),222,0.009403733935739313,0.007429880457685182,0.020861148834228516,0.007376904403300662
Breast_Cancer_Wisconsin,AE_loss_values,3,0.01,32,500,Sigmoid(),Sigmoid(),223,0.00943817137075322,0.0073873146943617286,0.020776748657226562,0.007376904403300662
Breast_Cancer_Wisconsin,AE_loss_values,3,0.01,32,500,Sigmoid(),Sigmoid(),224,0.009408382300778732,0.007371725195920781,0.02080512046813965,0.007376904403300662
Breast_Cancer_Wisconsin,AE_loss_values,3,0.01,32,500,Sigmoid(),Sigmoid(),225,0.009424059999758726,0.007454495893366504,0.020772457122802734,0.007376904403300662
Breast_Cancer_Wisconsin,AE_loss_values,3,0.01,32,500,Sigmoid(),Sigmoid(),226,0.009443195733231503,0.0074123393564501355,0.020799636840820312,0.007376904403300662
Breast_Cancer_Wisconsin,AE_loss_values,3,0.01,32,500,Sigmoid(),Sigmoid(),227,0.009437168119372903,0.007447098496190289,0.020780563354492188,0.007376904403300662
Breast_Cancer_Wisconsin,AE_loss_values,3,0.01,32,500,Sigmoid(),Sigmoid(),228,0.009483113213554844,0.007458170361228679,0.020786523818969727,0.007376904403300662
Breast_Cancer_Wisconsin,AE_loss_values,3,0.01,32,500,Sigmoid(),Sigmoid(),229,0.009634902504282993,0.007614945780420513,0.02092432975769043,0.007376904403300662
Breast_Cancer_Wisconsin,AE_loss_values,3,0.01,32,500,Sigmoid(),Sigmoid(),230,0.009759985432438143,0.00774672539218476,0.020845651626586914,0.007376904403300662
Breast_Cancer_Wisconsin,AE_loss_values,3,0.01,32,500,Sigmoid(),Sigmoid(),231,0.009543843665620782,0.00754710537659233,0.020795583724975586,0.007376904403300662
Breast_Cancer_Wisconsin,AE_loss_values,3,0.01,32,500,Sigmoid(),Sigmoid(),232,0.00944389647261782,0.007417311589642052,0.02081298828125,0.007376904403300662
Breast_Cancer_Wisconsin,AE_loss_values,3,0.01,32,500,Sigmoid(),Sigmoid(),233,0.009419034640458259,0.007393475507565758,0.020809173583984375,0.007376904403300662
Breast_Cancer_Wisconsin,AE_loss_values,3,0.01,32,500,Sigmoid(),Sigmoid(),234,0.009452270269189234,0.007396506676613761,0.02089691162109375,0.007376904403300662
Breast_Cancer_Wisconsin,AE_loss_values,3,0.01,32,500,Sigmoid(),Sigmoid(),235,0.009450568490057857,0.007491253888267174,0.02082538604736328,0.007376904403300662
Breast_Cancer_Wisconsin,AE_loss_values,3,0.01,32,500,Sigmoid(),Sigmoid(),236,0.009469828582726991,0.007375920714254965,0.020843982696533203,0.007376904403300662
Breast_Cancer_Wisconsin,AE_loss_values,3,0.01,32,500,Sigmoid(),Sigmoid(),237,0.009390875652104943,0.007433066937026747,0.020797014236450195,0.007376904403300662
Breast_Cancer_Wisconsin,AE_loss_values,3,0.01,32,500,Sigmoid(),Sigmoid(),238,0.009497191842931968,0.0076270850391633675,0.02077317237854004,0.007376904403300662
Breast_Cancer_Wisconsin,AE_loss_values,3,0.01,32,500,Sigmoid(),Sigmoid(),239,0.00942272750230936,0.007405194486573077,0.020934581756591797,0.007376904403300662
Breast_Cancer_Wisconsin,AE_loss_values,3,0.01,32,500,Sigmoid(),Sigmoid(),240,0.009383392524342615,0.007597927093963351,0.020787954330444336,0.007376904403300662
Breast_Cancer_Wisconsin,AE_loss_values,3,0.01,32,500,Sigmoid(),Sigmoid(),241,0.009462720911008317,0.007420751772690238,0.020778179168701172,0.007376904403300662
Breast_Cancer_Wisconsin,AE_loss_values,3,0.01,32,500,Sigmoid(),Sigmoid(),242,0.009404616383323957,0.007421060743039115,0.020764827728271484,0.007376904403300662
Breast_Cancer_Wisconsin,AE_loss_values,3,0.01,32,500,Sigmoid(),Sigmoid(),243,0.009416468650266364,0.00736257353830233,0.020754337310791016,0.007376904403300662
Breast_Cancer_Wisconsin,AE_loss_values,3,0.01,32,500,Sigmoid(),Sigmoid(),244,0.00948970208845132,0.007489141305549103,0.020865201950073242,0.007376904403300662
Breast_Cancer_Wisconsin,AE_loss_values,3,0.01,32,500,Sigmoid(),Sigmoid(),245,0.009486392142435351,0.007507466751951398,0.020804405212402344,0.007376904403300662
Breast_Cancer_Wisconsin,AE_loss_values,3,0.01,32,500,Sigmoid(),Sigmoid(),246,0.00942471219881714,0.00744533607442128,0.020773649215698242,0.007376904403300662
Breast_Cancer_Wisconsin,AE_loss_values,3,0.01,32,500,Sigmoid(),Sigmoid(),247,0.009499788458285096,0.00771424239664747,0.020795583724975586,0.007376904403300662
Breast_Cancer_Wisconsin,AE_loss_values,3,0.01,32,500,Sigmoid(),Sigmoid(),248,0.009609044216327614,0.007656802594857781,0.020862102508544922,0.007376904403300662
Breast_Cancer_Wisconsin,AE_loss_values,3,0.01,32,500,Sigmoid(),Sigmoid(),249,0.009672484853929216,0.007745575159788132,0.020883560180664062,0.007376904403300662
Breast_Cancer_Wisconsin,AE_loss_values,3,0.01,32,500,Sigmoid(),Sigmoid(),250,0.009584442127987251,0.00747762500357471,0.020746469497680664,0.007376904403300662
Breast_Cancer_Wisconsin,AE_loss_values,3,0.01,32,500,Sigmoid(),Sigmoid(),251,0.009436778574772589,0.007770057212103877,0.02077341079711914,0.007376904403300662
Breast_Cancer_Wisconsin,AE_loss_values,3,0.01,32,500,Sigmoid(),Sigmoid(),252,0.009596759762492154,0.007611611016552176,0.02078390121459961,0.007376904403300662
Breast_Cancer_Wisconsin,AE_loss_values,3,0.01,32,500,Sigmoid(),Sigmoid(),253,0.009525373160511583,0.007418800749930374,0.020856142044067383,0.007376904403300662
Breast_Cancer_Wisconsin,AE_loss_values,3,0.01,32,500,Sigmoid(),Sigmoid(),254,0.009470133839564009,0.007539550839155389,0.02077627182006836,0.007376904403300662
Breast_Cancer_Wisconsin,AE_loss_values,3,0.01,32,500,Sigmoid(),Sigmoid(),255,0.009431556425988674,0.007417862801894284,0.020755529403686523,0.007376904403300662
Breast_Cancer_Wisconsin,AE_loss_values,3,0.01,32,500,Sigmoid(),Sigmoid(),256,0.009413354622793722,0.007676239828007263,0.020758390426635742,0.007376904403300662
Breast_Cancer_Wisconsin,AE_loss_values,3,0.01,32,500,Sigmoid(),Sigmoid(),257,0.009559724615006657,0.007428114580219252,0.02081894874572754,0.007376904403300662
Breast_Cancer_Wisconsin,AE_loss_values,3,0.01,32,500,Sigmoid(),Sigmoid(),258,0.009461376318646656,0.007740771275405821,0.0209200382232666,0.007376904403300662
Breast_Cancer_Wisconsin,AE_loss_values,3,0.01,32,500,Sigmoid(),Sigmoid(),259,0.009431093196374375,0.007333384385626567,0.020786523818969727,0.007376904403300662
Breast_Cancer_Wisconsin,AE_loss_values,3,0.01,32,500,Sigmoid(),Sigmoid(),260,0.009350380720058967,0.007463963212151276,0.020776033401489258,0.007376904403300662
Breast_Cancer_Wisconsin,AE_loss_values,3,0.01,32,500,Sigmoid(),Sigmoid(),261,0.009347872833137984,0.007381453873230177,0.020770788192749023,0.007376904403300662
Breast_Cancer_Wisconsin,AE_loss_values,3,0.01,32,500,Sigmoid(),Sigmoid(),262,0.009356514667416667,0.007367385077502644,0.020789384841918945,0.007376904403300662
Breast_Cancer_Wisconsin,AE_loss_values,3,0.01,32,500,Sigmoid(),Sigmoid(),263,0.009317279327660799,0.0072989688385604766,0.020868778228759766,0.007376904403300662
Breast_Cancer_Wisconsin,AE_loss_values,3,0.01,32,500,Sigmoid(),Sigmoid(),264,0.009313786970349132,0.007454613370722846,0.020767688751220703,0.007376904403300662
Breast_Cancer_Wisconsin,AE_loss_values,3,0.01,32,500,Sigmoid(),Sigmoid(),265,0.00939054215674872,0.007319556059021699,0.02079939842224121,0.007376904403300662
Breast_Cancer_Wisconsin,AE_loss_values,3,0.01,32,500,Sigmoid(),Sigmoid(),266,0.009465467864340478,0.007344892967426986,0.02080988883972168,0.007376904403300662
Breast_Cancer_Wisconsin,AE_loss_values,3,0.01,32,500,Sigmoid(),Sigmoid(),267,0.009497146420999542,0.007412215090242394,0.02080225944519043,0.007376904403300662
Breast_Cancer_Wisconsin,AE_loss_values,3,0.01,32,500,Sigmoid(),Sigmoid(),268,0.009425030329397746,0.00737611687202987,0.020925521850585938,0.007376904403300662
Breast_Cancer_Wisconsin,AE_loss_values,3,0.01,32,500,Sigmoid(),Sigmoid(),269,0.0094542613109717,0.007288645397414241,0.020778417587280273,0.007376904403300662
Breast_Cancer_Wisconsin,AE_loss_values,3,0.01,32,500,Sigmoid(),Sigmoid(),270,0.009430538526234718,0.007371714935033468,0.02077507972717285,0.007376904403300662
Breast_Cancer_Wisconsin,AE_loss_values,3,0.01,32,500,Sigmoid(),Sigmoid(),271,0.00947618437521569,0.007317596294900827,0.02092123031616211,0.007376904403300662
Breast_Cancer_Wisconsin,AE_loss_values,3,0.01,32,500,Sigmoid(),Sigmoid(),272,0.009528475108423404,0.007653227419053253,0.020842313766479492,0.007376904403300662
Breast_Cancer_Wisconsin,AE_loss_values,3,0.01,32,500,Sigmoid(),Sigmoid(),273,0.009536120510445192,0.007722914553851935,0.02078533172607422,0.007376904403300662
Breast_Cancer_Wisconsin,AE_loss_values,3,0.01,32,500,Sigmoid(),Sigmoid(),274,0.009514578098206074,0.007405159945942853,0.02076864242553711,0.007376904403300662
Breast_Cancer_Wisconsin,AE_loss_values,3,0.01,32,500,Sigmoid(),Sigmoid(),275,0.009455509234096977,0.007425696433832248,0.020786285400390625,0.007376904403300662
Breast_Cancer_Wisconsin,AE_loss_values,3,0.01,32,500,Sigmoid(),Sigmoid(),276,0.009404636194909012,0.0076175144987932425,0.020812511444091797,0.007376904403300662
Breast_Cancer_Wisconsin,AE_loss_values,3,0.01,32,500,Sigmoid(),Sigmoid(),277,0.009509829201500166,0.00748008057442412,0.020822525024414062,0.007376904403300662
Breast_Cancer_Wisconsin,AE_loss_values,3,0.01,32,500,Sigmoid(),Sigmoid(),278,0.009382936227452624,0.007283897098284541,0.020835399627685547,0.007376904403300662
Breast_Cancer_Wisconsin,AE_loss_values,3,0.01,32,500,Sigmoid(),Sigmoid(),279,0.00945545678937828,0.007526486458485587,0.020801067352294922,0.007376904403300662
Breast_Cancer_Wisconsin,AE_loss_values,3,0.01,32,500,Sigmoid(),Sigmoid(),280,0.009387988463085103,0.007431058376504664,0.020794153213500977,0.007376904403300662
Breast_Cancer_Wisconsin,AE_loss_values,3,0.01,32,500,Sigmoid(),Sigmoid(),281,0.009336934881387177,0.007464147033986815,0.020780324935913086,0.007376904403300662
Breast_Cancer_Wisconsin,AE_loss_values,3,0.01,32,500,Sigmoid(),Sigmoid(),282,0.00934763469702595,0.007361488792587791,0.020838022232055664,0.007376904403300662
Breast_Cancer_Wisconsin,AE_loss_values,3,0.01,32,500,Sigmoid(),Sigmoid(),283,0.00954256947101145,0.007441759150344552,0.02077198028564453,0.007376904403300662
Breast_Cancer_Wisconsin,AE_loss_values,3,0.01,32,500,Sigmoid(),Sigmoid(),284,0.009446329102534188,0.007478540469157069,0.02076888084411621,0.007376904403300662
Breast_Cancer_Wisconsin,AE_loss_values,3,0.01,32,500,Sigmoid(),Sigmoid(),285,0.009585826266761665,0.007495114293864421,0.020793437957763672,0.007376904403300662
Breast_Cancer_Wisconsin,AE_loss_values,3,0.01,32,500,Sigmoid(),Sigmoid(),286,0.009387527387793903,0.007439073600005685,0.020764827728271484,0.007376904403300662
Breast_Cancer_Wisconsin,AE_loss_values,3,0.01,32,500,Sigmoid(),Sigmoid(),287,0.009301647654437757,0.007410600250423478,0.020898103713989258,0.007376904403300662
Breast_Cancer_Wisconsin,AE_loss_values,3,0.01,32,500,Sigmoid(),Sigmoid(),288,0.009339732545745242,0.007310206005186366,0.020732641220092773,0.007376904403300662
Breast_Cancer_Wisconsin,AE_loss_values,3,0.01,32,500,Sigmoid(),Sigmoid(),289,0.009474129127440872,0.0075164549379495155,0.02075672149658203,0.007376904403300662
Breast_Cancer_Wisconsin,AE_loss_values,3,0.01,32,500,Sigmoid(),Sigmoid(),290,0.009439495326644117,0.007493569066323209,0.020769834518432617,0.007376904403300662
Breast_Cancer_Wisconsin,AE_loss_values,3,0.01,32,500,Sigmoid(),Sigmoid(),291,0.009536697031868683,0.007478988280095029,0.020807743072509766,0.007376904403300662
Breast_Cancer_Wisconsin,AE_loss_values,3,0.01,32,500,Sigmoid(),Sigmoid(),292,0.009365251752455811,0.0072676374969121655,0.020848512649536133,0.007376904403300662
Breast_Cancer_Wisconsin,AE_loss_values,3,0.01,32,500,Sigmoid(),Sigmoid(),293,0.009354882560424752,0.007637792422125737,0.02077198028564453,0.007376904403300662
Breast_Cancer_Wisconsin,AE_loss_values,3,0.01,32,500,Sigmoid(),Sigmoid(),294,0.009383659833366727,0.007361470966746933,0.020792007446289062,0.007376904403300662
Breast_Cancer_Wisconsin,AE_loss_values,3,0.01,32,500,Sigmoid(),Sigmoid(),295,0.009348535421048547,0.0073185505819294535,0.0207977294921875,0.007376904403300662
Breast_Cancer_Wisconsin,AE_loss_values,3,0.01,32,500,Sigmoid(),Sigmoid(),296,0.00933432773441322,0.007456929839559291,0.02081584930419922,0.007376904403300662
Breast_Cancer_Wisconsin,AE_loss_values,3,0.01,32,500,Sigmoid(),Sigmoid(),297,0.009303279221057892,0.007405901515627639,0.02095651626586914,0.007376904403300662
Breast_Cancer_Wisconsin,AE_loss_values,3,0.01,32,500,Sigmoid(),Sigmoid(),298,0.0093393505356469,0.0073669897065612305,0.02079153060913086,0.007376904403300662
Breast_Cancer_Wisconsin,AE_loss_values,3,0.01,32,500,Sigmoid(),Sigmoid(),299,0.009362560113543993,0.007475428070807666,0.020801544189453125,0.007376904403300662
Breast_Cancer_Wisconsin,AE_loss_values,3,0.01,32,500,Sigmoid(),Sigmoid(),300,0.009795473765704658,0.008152082015090344,0.020819425582885742,0.007376904403300662
Breast_Cancer_Wisconsin,AE_loss_values,3,0.01,32,500,Sigmoid(),Sigmoid(),301,0.009574674207021247,0.007349526313574691,0.020871877670288086,0.007376904403300662
Breast_Cancer_Wisconsin,AE_loss_values,3,0.01,32,500,Sigmoid(),Sigmoid(),302,0.009331483694796378,0.0072647106523315115,0.020754575729370117,0.007376904403300662
Breast_Cancer_Wisconsin,AE_loss_values,3,0.01,32,500,Sigmoid(),Sigmoid(),303,0.009326585762939611,0.007718856903936779,0.020741939544677734,0.007376904403300662
Breast_Cancer_Wisconsin,AE_loss_values,3,0.01,32,500,Sigmoid(),Sigmoid(),304,0.0092527971950943,0.0074644695738689945,0.020740985870361328,0.007376904403300662
Breast_Cancer_Wisconsin,AE_loss_values,3,0.01,32,500,Sigmoid(),Sigmoid(),305,0.009221499577000901,0.007516011595726013,0.02077960968017578,0.007376904403300662
Breast_Cancer_Wisconsin,AE_loss_values,3,0.01,32,500,Sigmoid(),Sigmoid(),306,0.009258059616927262,0.007471656410448384,0.02090930938720703,0.007376904403300662
Breast_Cancer_Wisconsin,AE_loss_values,3,0.01,32,500,Sigmoid(),Sigmoid(),307,0.009229188543427122,0.007404445605189131,0.020766258239746094,0.007376904403300662
Breast_Cancer_Wisconsin,AE_loss_values,3,0.01,32,500,Sigmoid(),Sigmoid(),308,0.009225025126239756,0.007371660477171342,0.020784378051757812,0.007376904403300662
Breast_Cancer_Wisconsin,AE_loss_values,3,0.01,32,500,Sigmoid(),Sigmoid(),309,0.009197473509626073,0.007328497049839873,0.020781517028808594,0.007376904403300662
Breast_Cancer_Wisconsin,AE_loss_values,3,0.01,32,500,Sigmoid(),Sigmoid(),310,0.00924663673062901,0.007578338349336072,0.020755290985107422,0.007376904403300662
Breast_Cancer_Wisconsin,AE_loss_values,3,0.01,32,500,Sigmoid(),Sigmoid(),311,0.0093876209417051,0.007324975612981801,0.020860910415649414,0.007376904403300662
Breast_Cancer_Wisconsin,AE_loss_values,3,0.01,32,500,Sigmoid(),Sigmoid(),312,0.009244749922264409,0.007373307063652758,0.020775794982910156,0.007376904403300662
Breast_Cancer_Wisconsin,AE_loss_values,3,0.01,32,500,Sigmoid(),Sigmoid(),313,0.009429067111277318,0.007479129350956595,0.020778417587280273,0.007376904403300662
Breast_Cancer_Wisconsin,AE_loss_values,3,0.01,32,500,Sigmoid(),Sigmoid(),314,0.00940513095849163,0.007344891562273628,0.020798683166503906,0.007376904403300662
Breast_Cancer_Wisconsin,AE_loss_values,3,0.01,32,500,Sigmoid(),Sigmoid(),315,0.009280033778030794,0.007493343245107354,0.020807981491088867,0.007376904403300662
Breast_Cancer_Wisconsin,AE_loss_values,3,0.01,32,500,Sigmoid(),Sigmoid(),316,0.009196910084030785,0.007359733519128017,0.020930767059326172,0.007376904403300662
Breast_Cancer_Wisconsin,AE_loss_values,3,0.01,32,500,Sigmoid(),Sigmoid(),317,0.009227809596520203,0.007550529040919061,0.02077960968017578,0.007376904403300662
Breast_Cancer_Wisconsin,AE_loss_values,3,0.01,32,500,Sigmoid(),Sigmoid(),318,0.009183467483495945,0.007350020233149591,0.020806312561035156,0.007376904403300662
Breast_Cancer_Wisconsin,AE_loss_values,3,0.01,32,500,Sigmoid(),Sigmoid(),319,0.009297145851938934,0.007972857146932367,0.02089691162109375,0.007376904403300662
Breast_Cancer_Wisconsin,AE_loss_values,3,0.01,32,500,Sigmoid(),Sigmoid(),320,0.009516758468657077,0.0076002001909441065,0.02080082893371582,0.007376904403300662
Breast_Cancer_Wisconsin,AE_loss_values,3,0.01,32,500,Sigmoid(),Sigmoid(),321,0.00954027192585252,0.007906424567887657,0.020874500274658203,0.007376904403300662
Breast_Cancer_Wisconsin,AE_loss_values,3,0.01,32,500,Sigmoid(),Sigmoid(),322,0.009410233363754801,0.0074346122462629225,0.020798921585083008,0.007376904403300662
Breast_Cancer_Wisconsin,AE_loss_values,3,0.01,32,500,Sigmoid(),Sigmoid(),323,0.009399661324549835,0.007435470974693696,0.020791292190551758,0.007376904403300662
Breast_Cancer_Wisconsin,AE_loss_values,3,0.01,32,500,Sigmoid(),Sigmoid(),324,0.009464095195161773,0.008238448598013636,0.020803451538085938,0.007376904403300662
Breast_Cancer_Wisconsin,AE_loss_values,3,0.01,32,500,Sigmoid(),Sigmoid(),325,0.010406809944946032,0.007889368963476858,0.020874977111816406,0.007376904403300662
Breast_Cancer_Wisconsin,AE_loss_values,3,0.01,32,500,Sigmoid(),Sigmoid(),326,0.010168838009729491,0.007790325021599992,0.020876169204711914,0.007376904403300662
Breast_Cancer_Wisconsin,AE_loss_values,3,0.01,32,500,Sigmoid(),Sigmoid(),327,0.009923247632744547,0.007604680024087429,0.02080988883972168,0.007376904403300662
Breast_Cancer_Wisconsin,AE_loss_values,3,0.01,32,500,Sigmoid(),Sigmoid(),328,0.009613863392067807,0.007620851656323985,0.020839452743530273,0.007376904403300662
Breast_Cancer_Wisconsin,AE_loss_values,3,0.01,32,500,Sigmoid(),Sigmoid(),329,0.009358675986692145,0.007366639218832317,0.020784616470336914,0.007376904403300662
Breast_Cancer_Wisconsin,AE_loss_values,3,0.01,32,500,Sigmoid(),Sigmoid(),330,0.00925390975611223,0.007405032232207687,0.020873308181762695,0.007376904403300662
Breast_Cancer_Wisconsin,AE_loss_values,3,0.01,32,500,Sigmoid(),Sigmoid(),331,0.009303734240705495,0.007727443371294883,0.02075791358947754,0.007376904403300662
Breast_Cancer_Wisconsin,AE_loss_values,3,0.01,32,500,Sigmoid(),Sigmoid(),332,0.009280464089997522,0.007622176748618745,0.020777225494384766,0.007376904403300662
Breast_Cancer_Wisconsin,AE_loss_values,3,0.01,32,500,Sigmoid(),Sigmoid(),333,0.009231063596658654,0.007242531515657902,0.02076268196105957,0.007376904403300662
Breast_Cancer_Wisconsin,AE_loss_values,3,0.01,32,500,Sigmoid(),Sigmoid(),334,0.009300641085092837,0.0073830651756572096,0.020798444747924805,0.007376904403300662
Breast_Cancer_Wisconsin,AE_loss_values,3,0.01,32,500,Sigmoid(),Sigmoid(),335,0.009411957739228075,0.007335824042297246,0.020938873291015625,0.007376904403300662
Breast_Cancer_Wisconsin,AE_loss_values,3,0.01,32,500,Sigmoid(),Sigmoid(),336,0.009285389032255818,0.007412409900050414,0.02080225944519043,0.007376904403300662
Breast_Cancer_Wisconsin,AE_loss_values,3,0.01,32,500,Sigmoid(),Sigmoid(),337,0.009197862395136565,0.007575282124443012,0.02077627182006836,0.007376904403300662
Breast_Cancer_Wisconsin,AE_loss_values,3,0.01,32,500,Sigmoid(),Sigmoid(),338,0.009270579879591753,0.007392445023645435,0.020826339721679688,0.007376904403300662
Breast_Cancer_Wisconsin,AE_loss_values,3,0.01,32,500,Sigmoid(),Sigmoid(),339,0.009273750167135353,0.007739741534909658,0.020818710327148438,0.007376904403300662
Breast_Cancer_Wisconsin,AE_loss_values,3,0.01,32,500,Sigmoid(),Sigmoid(),340,0.009904208912381104,0.007602324643940257,0.020887136459350586,0.007376904403300662
Breast_Cancer_Wisconsin,AE_loss_values,3,0.01,32,500,Sigmoid(),Sigmoid(),341,0.009372026158066897,0.007354635941354852,0.020789384841918945,0.007376904403300662
Breast_Cancer_Wisconsin,AE_loss_values,3,0.01,32,500,Sigmoid(),Sigmoid(),342,0.009289893272568236,0.007253583210210006,0.02079010009765625,0.007376904403300662
Breast_Cancer_Wisconsin,AE_loss_values,3,0.01,32,500,Sigmoid(),Sigmoid(),343,0.009149656573740336,0.007339129379640023,0.020838260650634766,0.007376904403300662
Breast_Cancer_Wisconsin,AE_loss_values,3,0.01,32,500,Sigmoid(),Sigmoid(),344,0.009243226472984303,0.007366331040924578,0.020836353302001953,0.007376904403300662
Breast_Cancer_Wisconsin,AE_loss_values,3,0.01,32,500,Sigmoid(),Sigmoid(),345,0.009166590994285358,0.007268164551963932,0.020966053009033203,0.007376904403300662
Breast_Cancer_Wisconsin,AE_loss_values,3,0.01,32,500,Sigmoid(),Sigmoid(),346,0.009273945818563084,0.007361433043945254,0.020772695541381836,0.007376904403300662
Breast_Cancer_Wisconsin,AE_loss_values,3,0.01,32,500,Sigmoid(),Sigmoid(),347,0.00915295558643865,0.007240794190581431,0.020769357681274414,0.007376904403300662
Breast_Cancer_Wisconsin,AE_loss_values,3,0.01,32,500,Sigmoid(),Sigmoid(),348,0.00920311360118481,0.007254658969478649,0.0207979679107666,0.007376904403300662
Breast_Cancer_Wisconsin,AE_loss_values,3,0.01,32,500,Sigmoid(),Sigmoid(),349,0.009230369763387428,0.0072432051233032296,0.0208437442779541,0.007376904403300662
Breast_Cancer_Wisconsin,AE_loss_values,3,0.01,32,500,Sigmoid(),Sigmoid(),350,0.009185938799119258,0.007220128469430564,0.020827770233154297,0.007376904403300662
Breast_Cancer_Wisconsin,AE_loss_values,3,0.01,32,500,Sigmoid(),Sigmoid(),351,0.009161033681952035,0.007094618415035177,0.020806550979614258,0.007376904403300662
Breast_Cancer_Wisconsin,AE_loss_values,3,0.01,32,500,Sigmoid(),Sigmoid(),352,0.009090432745742274,0.007238461031464108,0.020847320556640625,0.007376904403300662
Breast_Cancer_Wisconsin,AE_loss_values,3,0.01,32,500,Sigmoid(),Sigmoid(),353,0.009114472351067668,0.007270384089727151,0.02082204818725586,0.007376904403300662
Breast_Cancer_Wisconsin,AE_loss_values,3,0.01,32,500,Sigmoid(),Sigmoid(),354,0.009260879483606134,0.007494402191552676,0.0209805965423584,0.007376904403300662
Breast_Cancer_Wisconsin,AE_loss_values,3,0.01,32,500,Sigmoid(),Sigmoid(),355,0.009395171896360077,0.00715463204930226,0.020879268646240234,0.007376904403300662
Breast_Cancer_Wisconsin,AE_loss_values,3,0.01,32,500,Sigmoid(),Sigmoid(),356,0.009357626889678804,0.007469539906372104,0.020820140838623047,0.007376904403300662
Breast_Cancer_Wisconsin,AE_loss_values,3,0.01,32,500,Sigmoid(),Sigmoid(),357,0.009402947750065354,0.007291117552341076,0.020808696746826172,0.007376904403300662
Breast_Cancer_Wisconsin,AE_loss_values,3,0.01,32,500,Sigmoid(),Sigmoid(),358,0.009273930811988455,0.007450550328940153,0.02081298828125,0.007376904403300662
Breast_Cancer_Wisconsin,AE_loss_values,3,0.01,32,500,Sigmoid(),Sigmoid(),359,0.009222350556116837,0.007106823332019542,0.02088475227355957,0.007376904403300662
Breast_Cancer_Wisconsin,AE_loss_values,3,0.01,32,500,Sigmoid(),Sigmoid(),360,0.00924102462787222,0.007370660089675272,0.020783662796020508,0.007376904403300662
Breast_Cancer_Wisconsin,AE_loss_values,3,0.01,32,500,Sigmoid(),Sigmoid(),361,0.009247125836682843,0.007412758655846119,0.020749330520629883,0.007376904403300662
Breast_Cancer_Wisconsin,AE_loss_values,3,0.01,32,500,Sigmoid(),Sigmoid(),362,0.00912704606960108,0.007176569385225312,0.020792007446289062,0.007376904403300662
Breast_Cancer_Wisconsin,AE_loss_values,3,0.01,32,500,Sigmoid(),Sigmoid(),363,0.009072338828591856,0.007153417335071585,0.020768165588378906,0.007376904403300662
Breast_Cancer_Wisconsin,AE_loss_values,3,0.01,32,500,Sigmoid(),Sigmoid(),364,0.009101793122897436,0.007400735379441788,0.020924091339111328,0.007376904403300662
Breast_Cancer_Wisconsin,AE_loss_values,3,0.01,32,500,Sigmoid(),Sigmoid(),365,0.009071715409447859,0.007116534894234256,0.02081751823425293,0.007376904403300662
Breast_Cancer_Wisconsin,AE_loss_values,3,0.01,32,500,Sigmoid(),Sigmoid(),366,0.008948688966396091,0.0071823281039924995,0.020778179168701172,0.007376904403300662
Breast_Cancer_Wisconsin,AE_loss_values,3,0.01,32,500,Sigmoid(),Sigmoid(),367,0.009006532371699155,0.007177475799005805,0.020883798599243164,0.007376904403300662
Breast_Cancer_Wisconsin,AE_loss_values,3,0.01,32,500,Sigmoid(),Sigmoid(),368,0.00907886208823094,0.007216395042313819,0.020788908004760742,0.007376904403300662
Breast_Cancer_Wisconsin,AE_loss_values,3,0.01,32,500,Sigmoid(),Sigmoid(),369,0.009020366342635928,0.007245573411254506,0.020867109298706055,0.007376904403300662
Breast_Cancer_Wisconsin,AE_loss_values,3,0.01,32,500,Sigmoid(),Sigmoid(),370,0.009026209413391221,0.007209917742824345,0.02080059051513672,0.007376904403300662
Breast_Cancer_Wisconsin,AE_loss_values,3,0.01,32,500,Sigmoid(),Sigmoid(),371,0.009340351784171967,0.007478228990772837,0.020798921585083008,0.007376904403300662
Breast_Cancer_Wisconsin,AE_loss_values,3,0.01,32,500,Sigmoid(),Sigmoid(),372,0.009350782463961578,0.007741457055600589,0.020810842514038086,0.007376904403300662
Breast_Cancer_Wisconsin,AE_loss_values,3,0.01,32,500,Sigmoid(),Sigmoid(),373,0.009322895416682892,0.007567319079514658,0.020860910415649414,0.007376904403300662
Breast_Cancer_Wisconsin,AE_loss_values,3,0.01,32,500,Sigmoid(),Sigmoid(),374,0.0091954654737652,0.007676942878517143,0.020902633666992188,0.007376904403300662
Breast_Cancer_Wisconsin,AE_loss_values,3,0.01,32,500,Sigmoid(),Sigmoid(),375,0.00925371559582405,0.007355860164879184,0.02086353302001953,0.007376904403300662
Breast_Cancer_Wisconsin,AE_loss_values,3,0.01,32,500,Sigmoid(),Sigmoid(),376,0.009343953156373003,0.007722381780152781,0.020825862884521484,0.007376904403300662
Breast_Cancer_Wisconsin,AE_loss_values,3,0.01,32,500,Sigmoid(),Sigmoid(),377,0.009286452643573284,0.008307717724196743,0.020825862884521484,0.007376904403300662
Breast_Cancer_Wisconsin,AE_loss_values,3,0.01,32,500,Sigmoid(),Sigmoid(),378,0.009282509155653335,0.007637646425057922,0.02090001106262207,0.007376904403300662
Breast_Cancer_Wisconsin,AE_loss_values,3,0.01,32,500,Sigmoid(),Sigmoid(),379,0.00903776480437635,0.007625053816458635,0.02082037925720215,0.007376904403300662
Breast_Cancer_Wisconsin,AE_loss_values,3,0.01,32,500,Sigmoid(),Sigmoid(),380,0.00932776973183666,0.007701646765334564,0.02080368995666504,0.007376904403300662
Breast_Cancer_Wisconsin,AE_loss_values,3,0.01,32,500,Sigmoid(),Sigmoid(),381,0.009241036395286466,0.0073990313695711,0.020773887634277344,0.007376904403300662
Breast_Cancer_Wisconsin,AE_loss_values,3,0.01,32,500,Sigmoid(),Sigmoid(),382,0.009188853482623677,0.007414352410195167,0.02078700065612793,0.007376904403300662
Breast_Cancer_Wisconsin,AE_loss_values,3,0.01,32,500,Sigmoid(),Sigmoid(),383,0.009202631224192433,0.007392774327870524,0.02095937728881836,0.007376904403300662
Breast_Cancer_Wisconsin,AE_loss_values,3,0.01,32,500,Sigmoid(),Sigmoid(),384,0.008938333851663949,0.007230007988319062,0.020752906799316406,0.007376904403300662
Breast_Cancer_Wisconsin,AE_loss_values,3,0.01,32,500,Sigmoid(),Sigmoid(),385,0.009056351358418936,0.0075086192146205065,0.020775318145751953,0.007376904403300662
Breast_Cancer_Wisconsin,AE_loss_values,3,0.01,32,500,Sigmoid(),Sigmoid(),386,0.009013307088433386,0.007244332154330455,0.020770788192749023,0.007376904403300662
Breast_Cancer_Wisconsin,AE_loss_values,3,0.01,32,500,Sigmoid(),Sigmoid(),387,0.008842578005291276,0.007190053481935409,0.020785808563232422,0.007376904403300662
Breast_Cancer_Wisconsin,AE_loss_values,3,0.01,32,500,Sigmoid(),Sigmoid(),388,0.00906732550484466,0.007473931174006378,0.020876646041870117,0.007376904403300662
Breast_Cancer_Wisconsin,AE_loss_values,3,0.01,32,500,Sigmoid(),Sigmoid(),389,0.009369883572703207,0.007560328653964557,0.020781517028808594,0.007376904403300662
Breast_Cancer_Wisconsin,AE_loss_values,3,0.01,32,500,Sigmoid(),Sigmoid(),390,0.009136459935497452,0.007268756178714204,0.0207672119140625,0.007376904403300662
Breast_Cancer_Wisconsin,AE_loss_values,3,0.01,32,500,Sigmoid(),Sigmoid(),391,0.008885320266811075,0.0070557515872152225,0.020758628845214844,0.007376904403300662
Breast_Cancer_Wisconsin,AE_loss_values,3,0.01,32,500,Sigmoid(),Sigmoid(),392,0.008912761003843375,0.007217407700393284,0.020784854888916016,0.007376904403300662
Breast_Cancer_Wisconsin,AE_loss_values,3,0.01,32,500,Sigmoid(),Sigmoid(),393,0.008922389831271145,0.007036290147848297,0.02093815803527832,0.007376904403300662
Breast_Cancer_Wisconsin,AE_loss_values,3,0.01,32,500,Sigmoid(),Sigmoid(),394,0.009138207070038214,0.007399029376214011,0.02074718475341797,0.007376904403300662
Breast_Cancer_Wisconsin,AE_loss_values,3,0.01,32,500,Sigmoid(),Sigmoid(),395,0.008987499069381547,0.007242658796409766,0.020793914794921875,0.007376904403300662
Breast_Cancer_Wisconsin,AE_loss_values,3,0.01,32,500,Sigmoid(),Sigmoid(),396,0.008832605038820714,0.007033980418846272,0.020754098892211914,0.007376904403300662
Breast_Cancer_Wisconsin,AE_loss_values,3,0.01,32,500,Sigmoid(),Sigmoid(),397,0.008816952711728575,0.007052986980660965,0.02085423469543457,0.007376904403300662
Breast_Cancer_Wisconsin,AE_loss_values,3,0.01,32,500,Sigmoid(),Sigmoid(),398,0.008755535300780128,0.007040385663378657,0.020784854888916016,0.007376904403300662
Breast_Cancer_Wisconsin,AE_loss_values,3,0.01,32,500,Sigmoid(),Sigmoid(),399,0.008949180457045089,0.0076017904242402625,0.020799875259399414,0.007376904403300662
Breast_Cancer_Wisconsin,AE_loss_values,3,0.01,32,500,Sigmoid(),Sigmoid(),400,0.009003163538463824,0.0071179474164780815,0.020804882049560547,0.007376904403300662
Breast_Cancer_Wisconsin,AE_loss_values,3,0.01,32,500,Sigmoid(),Sigmoid(),401,0.008955165604641149,0.007128777701342315,0.020772218704223633,0.007376904403300662
Breast_Cancer_Wisconsin,AE_loss_values,3,0.01,32,500,Sigmoid(),Sigmoid(),402,0.008965757372533228,0.0071239451175196125,0.02092123031616211,0.007376904403300662
Breast_Cancer_Wisconsin,AE_loss_values,3,0.01,32,500,Sigmoid(),Sigmoid(),403,0.008858057981418385,0.007158624759891577,0.02080821990966797,0.007376904403300662
Breast_Cancer_Wisconsin,AE_loss_values,3,0.01,32,500,Sigmoid(),Sigmoid(),404,0.008906017506884021,0.007206614741957502,0.020783424377441406,0.007376904403300662
Breast_Cancer_Wisconsin,AE_loss_values,3,0.01,32,500,Sigmoid(),Sigmoid(),405,0.008933266154029867,0.007285115913602344,0.02079296112060547,0.007376904403300662
Breast_Cancer_Wisconsin,AE_loss_values,3,0.01,32,500,Sigmoid(),Sigmoid(),406,0.009718409020985875,0.007358553337358069,0.020815134048461914,0.007376904403300662
Breast_Cancer_Wisconsin,AE_loss_values,3,0.01,32,500,Sigmoid(),Sigmoid(),407,0.008945651039235539,0.007451607911079599,0.0208742618560791,0.007376904403300662
Breast_Cancer_Wisconsin,AE_loss_values,3,0.01,32,500,Sigmoid(),Sigmoid(),408,0.009002404893328856,0.00737318307520789,0.020798444747924805,0.007376904403300662
Breast_Cancer_Wisconsin,AE_loss_values,3,0.01,32,500,Sigmoid(),Sigmoid(),409,0.009060583705758001,0.007383156355405063,0.020728588104248047,0.007376904403300662
Breast_Cancer_Wisconsin,AE_loss_values,3,0.01,32,500,Sigmoid(),Sigmoid(),410,0.009002119974120633,0.007063533996411583,0.02079939842224121,0.007376904403300662
Breast_Cancer_Wisconsin,AE_loss_values,3,0.01,32,500,Sigmoid(),Sigmoid(),411,0.008902563927388125,0.007217897151253726,0.020785093307495117,0.007376904403300662
Breast_Cancer_Wisconsin,AE_loss_values,3,0.01,32,500,Sigmoid(),Sigmoid(),412,0.008778083093136876,0.007132348073483037,0.020936965942382812,0.007376904403300662
Breast_Cancer_Wisconsin,AE_loss_values,3,0.01,32,500,Sigmoid(),Sigmoid(),413,0.008796599783658326,0.007034425934155782,0.020787715911865234,0.007376904403300662
Breast_Cancer_Wisconsin,AE_loss_values,3,0.01,32,500,Sigmoid(),Sigmoid(),414,0.008837221669299261,0.0071357811245609795,0.020778656005859375,0.007376904403300662
Breast_Cancer_Wisconsin,AE_loss_values,3,0.01,32,500,Sigmoid(),Sigmoid(),415,0.008884926787117026,0.007330751504030144,0.020914554595947266,0.007376904403300662
Breast_Cancer_Wisconsin,AE_loss_values,3,0.01,32,500,Sigmoid(),Sigmoid(),416,0.008885225311822289,0.00710088831552288,0.020764827728271484,0.007376904403300662
Breast_Cancer_Wisconsin,AE_loss_values,3,0.01,32,500,Sigmoid(),Sigmoid(),417,0.009053940800847588,0.007073246318389449,0.02088785171508789,0.007376904403300662
Breast_Cancer_Wisconsin,AE_loss_values,3,0.01,32,500,Sigmoid(),Sigmoid(),418,0.008951569981054291,0.007151227852885137,0.02082061767578125,0.007376904403300662
Breast_Cancer_Wisconsin,AE_loss_values,3,0.01,32,500,Sigmoid(),Sigmoid(),419,0.009166750299570325,0.007110454787483863,0.020855426788330078,0.007376904403300662
Breast_Cancer_Wisconsin,AE_loss_values,3,0.01,32,500,Sigmoid(),Sigmoid(),420,0.008811023114965512,0.007213314251745479,0.020815610885620117,0.007376904403300662
Breast_Cancer_Wisconsin,AE_loss_values,3,0.01,32,500,Sigmoid(),Sigmoid(),421,0.009101849917199586,0.007626648485791265,0.020877838134765625,0.007376904403300662
Breast_Cancer_Wisconsin,AE_loss_values,3,0.01,32,500,Sigmoid(),Sigmoid(),422,0.009079027360120973,0.007519412066852837,0.02090311050415039,0.007376904403300662
Breast_Cancer_Wisconsin,AE_loss_values,3,0.01,32,500,Sigmoid(),Sigmoid(),423,0.008905850275122857,0.007508587418941029,0.020798444747924805,0.007376904403300662
Breast_Cancer_Wisconsin,AE_loss_values,3,0.01,32,500,Sigmoid(),Sigmoid(),424,0.00882758570241404,0.007451048178042759,0.02075338363647461,0.007376904403300662
Breast_Cancer_Wisconsin,AE_loss_values,3,0.01,32,500,Sigmoid(),Sigmoid(),425,0.00889842579202665,0.007680365676877268,0.020809650421142578,0.007376904403300662
Breast_Cancer_Wisconsin,AE_loss_values,3,0.01,32,500,Sigmoid(),Sigmoid(),426,0.008965612084164725,0.007375259957227267,0.020883798599243164,0.007376904403300662
Breast_Cancer_Wisconsin,AE_loss_values,3,0.01,32,500,Sigmoid(),Sigmoid(),427,0.008960319019772194,0.007350915789669543,0.020811080932617188,0.007376904403300662
Breast_Cancer_Wisconsin,AE_loss_values,3,0.01,32,500,Sigmoid(),Sigmoid(),428,0.00910326967036331,0.007449524183022349,0.02078866958618164,0.007376904403300662
Breast_Cancer_Wisconsin,AE_loss_values,3,0.01,32,500,Sigmoid(),Sigmoid(),429,0.008965100984570089,0.007342014649654166,0.02083110809326172,0.007376904403300662
Breast_Cancer_Wisconsin,AE_loss_values,3,0.01,32,500,Sigmoid(),Sigmoid(),430,0.008812680603056164,0.007208596718938727,0.020818233489990234,0.007376904403300662
Breast_Cancer_Wisconsin,AE_loss_values,3,0.01,32,500,Sigmoid(),Sigmoid(),431,0.008887630434972899,0.007339545819712312,0.02096271514892578,0.007376904403300662
Breast_Cancer_Wisconsin,AE_loss_values,3,0.01,32,500,Sigmoid(),Sigmoid(),432,0.008850450952956964,0.007269131632423715,0.020753860473632812,0.007376904403300662
Breast_Cancer_Wisconsin,AE_loss_values,3,0.01,32,500,Sigmoid(),Sigmoid(),433,0.008726636811599627,0.007297594606745662,0.020785093307495117,0.007376904403300662
Breast_Cancer_Wisconsin,AE_loss_values,3,0.01,32,500,Sigmoid(),Sigmoid(),434,0.009262419719208072,0.007283413333393503,0.0207974910736084,0.007376904403300662
Breast_Cancer_Wisconsin,AE_loss_values,3,0.01,32,500,Sigmoid(),Sigmoid(),435,0.008975453675816675,0.0073892292893377315,0.02074575424194336,0.007376904403300662
Breast_Cancer_Wisconsin,AE_loss_values,3,0.01,32,500,Sigmoid(),Sigmoid(),436,0.008798623621300027,0.007516170108462112,0.02088785171508789,0.007376904403300662
Breast_Cancer_Wisconsin,AE_loss_values,3,0.01,32,500,Sigmoid(),Sigmoid(),437,0.009104232473687811,0.007652996679800644,0.020821809768676758,0.007376904403300662
Breast_Cancer_Wisconsin,AE_loss_values,3,0.01,32,500,Sigmoid(),Sigmoid(),438,0.009136372234590434,0.007351447493164686,0.02081918716430664,0.007376904403300662
Breast_Cancer_Wisconsin,AE_loss_values,3,0.01,32,500,Sigmoid(),Sigmoid(),439,0.009057028423790093,0.007327446338246789,0.02077507972717285,0.007376904403300662
Breast_Cancer_Wisconsin,AE_loss_values,3,0.01,32,500,Sigmoid(),Sigmoid(),440,0.00893700208392117,0.007433129294791766,0.020760059356689453,0.007376904403300662
Breast_Cancer_Wisconsin,AE_loss_values,3,0.01,32,500,Sigmoid(),Sigmoid(),441,0.008762048358855011,0.007331958784019215,0.02094745635986328,0.007376904403300662
Breast_Cancer_Wisconsin,AE_loss_values,3,0.01,32,500,Sigmoid(),Sigmoid(),442,0.008704300620848988,0.007138138914709552,0.02083277702331543,0.007376904403300662
Breast_Cancer_Wisconsin,AE_loss_values,3,0.01,32,500,Sigmoid(),Sigmoid(),443,0.008592332831000561,0.00748245551234536,0.020770549774169922,0.007376904403300662
Breast_Cancer_Wisconsin,AE_loss_values,3,0.01,32,500,Sigmoid(),Sigmoid(),444,0.008950158204514901,0.007436606877793868,0.020773887634277344,0.007376904403300662
Breast_Cancer_Wisconsin,AE_loss_values,3,0.01,32,500,Sigmoid(),Sigmoid(),445,0.008731583120035274,0.007406575956561586,0.020839452743530273,0.007376904403300662
Breast_Cancer_Wisconsin,AE_loss_values,3,0.01,32,500,Sigmoid(),Sigmoid(),446,0.008658573846076871,0.00731492348897614,0.020823955535888672,0.007376904403300662
Breast_Cancer_Wisconsin,AE_loss_values,3,0.01,32,500,Sigmoid(),Sigmoid(),447,0.008762609596353966,0.0070994322335249495,0.020801067352294922,0.007376904403300662
Breast_Cancer_Wisconsin,AE_loss_values,3,0.01,32,500,Sigmoid(),Sigmoid(),448,0.008690421754023531,0.007127679230874045,0.02079153060913086,0.007376904403300662
Breast_Cancer_Wisconsin,AE_loss_values,3,0.01,32,500,Sigmoid(),Sigmoid(),449,0.008772671974908847,0.007133221139379761,0.02080225944519043,0.007376904403300662
Breast_Cancer_Wisconsin,AE_loss_values,3,0.01,32,500,Sigmoid(),Sigmoid(),450,0.008625343895343307,0.007420738415563838,0.020979881286621094,0.007376904403300662
Breast_Cancer_Wisconsin,AE_loss_values,3,0.01,32,500,Sigmoid(),Sigmoid(),451,0.00899970693575157,0.00718873959818953,0.02084040641784668,0.007376904403300662
Breast_Cancer_Wisconsin,AE_loss_values,3,0.01,32,500,Sigmoid(),Sigmoid(),452,0.008772918279026891,0.0072413730320700425,0.02080845832824707,0.007376904403300662
Breast_Cancer_Wisconsin,AE_loss_values,3,0.01,32,500,Sigmoid(),Sigmoid(),453,0.008649508734898908,0.007448021175437852,0.02081465721130371,0.007376904403300662
Breast_Cancer_Wisconsin,AE_loss_values,3,0.01,32,500,Sigmoid(),Sigmoid(),454,0.008681824156543711,0.0072263170262439206,0.020761966705322266,0.007376904403300662
Breast_Cancer_Wisconsin,AE_loss_values,3,0.01,32,500,Sigmoid(),Sigmoid(),455,0.009031057476506128,0.00840469175263455,0.02085089683532715,0.007376904403300662
Breast_Cancer_Wisconsin,AE_loss_values,3,0.01,32,500,Sigmoid(),Sigmoid(),456,0.009554150567523071,0.007888502049210825,0.02080059051513672,0.007376904403300662
Breast_Cancer_Wisconsin,AE_loss_values,3,0.01,32,500,Sigmoid(),Sigmoid(),457,0.009675833116193393,0.008546387711376474,0.0208132266998291,0.007376904403300662
Breast_Cancer_Wisconsin,AE_loss_values,3,0.01,32,500,Sigmoid(),Sigmoid(),458,0.009294789261952206,0.007805857072143178,0.020795345306396484,0.007376904403300662
Breast_Cancer_Wisconsin,AE_loss_values,3,0.01,32,500,Sigmoid(),Sigmoid(),459,0.008789035575566711,0.007704135773932202,0.020824432373046875,0.007376904403300662
Breast_Cancer_Wisconsin,AE_loss_values,3,0.01,32,500,Sigmoid(),Sigmoid(),460,0.010051440337038302,0.008383412502313914,0.02092599868774414,0.007376904403300662
Breast_Cancer_Wisconsin,AE_loss_values,3,0.01,32,500,Sigmoid(),Sigmoid(),461,0.010227024684158655,0.008490128132204214,0.020810604095458984,0.007376904403300662
Breast_Cancer_Wisconsin,AE_loss_values,3,0.01,32,500,Sigmoid(),Sigmoid(),462,0.009510054239737137,0.008183874565650496,0.02076244354248047,0.007376904403300662
Breast_Cancer_Wisconsin,AE_loss_values,3,0.01,32,500,Sigmoid(),Sigmoid(),463,0.009333154952133094,0.008092474584516725,0.02090001106262207,0.007376904403300662
Breast_Cancer_Wisconsin,AE_loss_values,3,0.01,32,500,Sigmoid(),Sigmoid(),464,0.009258012782659504,0.008026805575610254,0.02081775665283203,0.007376904403300662
Breast_Cancer_Wisconsin,AE_loss_values,3,0.01,32,500,Sigmoid(),Sigmoid(),465,0.009222967948273316,0.007959651417638125,0.02084493637084961,0.007376904403300662
Breast_Cancer_Wisconsin,AE_loss_values,3,0.01,32,500,Sigmoid(),Sigmoid(),466,0.009194373741623137,0.00790079896289267,0.02079916000366211,0.007376904403300662
Breast_Cancer_Wisconsin,AE_loss_values,3,0.01,32,500,Sigmoid(),Sigmoid(),467,0.009232170296484953,0.007879839376791528,0.020804166793823242,0.007376904403300662
Breast_Cancer_Wisconsin,AE_loss_values,3,0.01,32,500,Sigmoid(),Sigmoid(),468,0.00922157490155199,0.008136928906631574,0.02079916000366211,0.007376904403300662
Breast_Cancer_Wisconsin,AE_loss_values,3,0.01,32,500,Sigmoid(),Sigmoid(),469,0.009993161175113457,0.008470575521258931,0.02083444595336914,0.007376904403300662
Breast_Cancer_Wisconsin,AE_loss_values,3,0.01,32,500,Sigmoid(),Sigmoid(),470,0.009803772367700771,0.008019806735478995,0.02088165283203125,0.007376904403300662
Breast_Cancer_Wisconsin,AE_loss_values,3,0.01,32,500,Sigmoid(),Sigmoid(),471,0.009213469630864623,0.007693427288087837,0.02081608772277832,0.007376904403300662
Breast_Cancer_Wisconsin,AE_loss_values,3,0.01,32,500,Sigmoid(),Sigmoid(),472,0.00924269021130525,0.0073928735709111945,0.02078986167907715,0.007376904403300662
Breast_Cancer_Wisconsin,AE_loss_values,3,0.01,32,500,Sigmoid(),Sigmoid(),473,0.008830277521449785,0.007532151464961077,0.020831823348999023,0.007376904403300662
Breast_Cancer_Wisconsin,AE_loss_values,3,0.01,32,500,Sigmoid(),Sigmoid(),474,0.008900937669306667,0.007363250732356519,0.020883798599243164,0.007376904403300662
Breast_Cancer_Wisconsin,AE_loss_values,3,0.01,32,500,Sigmoid(),Sigmoid(),475,0.008616799660600149,0.007150790940055199,0.02083301544189453,0.007376904403300662
Breast_Cancer_Wisconsin,AE_loss_values,3,0.01,32,500,Sigmoid(),Sigmoid(),476,0.008754446373863535,0.007448106710063784,0.02085709571838379,0.007376904403300662
Breast_Cancer_Wisconsin,AE_loss_values,3,0.01,32,500,Sigmoid(),Sigmoid(),477,0.008681799471378326,0.0072600561962054486,0.020817279815673828,0.007376904403300662
Breast_Cancer_Wisconsin,AE_loss_values,3,0.01,32,500,Sigmoid(),Sigmoid(),478,0.008605018994965396,0.007228230567354905,0.02085733413696289,0.007376904403300662
Breast_Cancer_Wisconsin,AE_loss_values,3,0.01,32,500,Sigmoid(),Sigmoid(),479,0.008662525726134306,0.007557506411614125,0.02096724510192871,0.007376904403300662
Breast_Cancer_Wisconsin,AE_loss_values,3,0.01,32,500,Sigmoid(),Sigmoid(),480,0.008798349014186597,0.007363421989506797,0.020818710327148438,0.007376904403300662
Breast_Cancer_Wisconsin,AE_loss_values,3,0.01,32,500,Sigmoid(),Sigmoid(),481,0.00855702413553065,0.007136844114906955,0.020807266235351562,0.007376904403300662
Breast_Cancer_Wisconsin,AE_loss_values,3,0.01,32,500,Sigmoid(),Sigmoid(),482,0.00850941321843273,0.007320219724390067,0.020871877670288086,0.007376904403300662
Breast_Cancer_Wisconsin,AE_loss_values,3,0.01,32,500,Sigmoid(),Sigmoid(),483,0.008502210736029095,0.00719143654497569,0.02080059051513672,0.007376904403300662
Breast_Cancer_Wisconsin,AE_loss_values,3,0.01,32,500,Sigmoid(),Sigmoid(),484,0.00847768141980191,0.007165311868384219,0.020871877670288086,0.007376904403300662
Breast_Cancer_Wisconsin,AE_loss_values,3,0.01,32,500,Sigmoid(),Sigmoid(),485,0.008421472735334556,0.007313817053249008,0.020817041397094727,0.007376904403300662
Breast_Cancer_Wisconsin,AE_loss_values,3,0.01,32,500,Sigmoid(),Sigmoid(),486,0.00847868533129548,0.0071789269221195,0.02079629898071289,0.007376904403300662
Breast_Cancer_Wisconsin,AE_loss_values,3,0.01,32,500,Sigmoid(),Sigmoid(),487,0.008545186677640612,0.007226601782205857,0.020824432373046875,0.007376904403300662
Breast_Cancer_Wisconsin,AE_loss_values,3,0.01,32,500,Sigmoid(),Sigmoid(),488,0.00848625023736731,0.007379153808742238,0.020853757858276367,0.007376904403300662
Breast_Cancer_Wisconsin,AE_loss_values,3,0.01,32,500,Sigmoid(),Sigmoid(),489,0.008843052299222448,0.0072665360609167505,0.020959138870239258,0.007376904403300662
Breast_Cancer_Wisconsin,AE_loss_values,3,0.01,32,500,Sigmoid(),Sigmoid(),490,0.008676206264235488,0.0072415869094823535,0.020795345306396484,0.007376904403300662
Breast_Cancer_Wisconsin,AE_loss_values,3,0.01,32,500,Sigmoid(),Sigmoid(),491,0.00855488491725627,0.007239712524766985,0.020795106887817383,0.007376904403300662
Breast_Cancer_Wisconsin,AE_loss_values,3,0.01,32,500,Sigmoid(),Sigmoid(),492,0.008500808069052604,0.007220193563976832,0.020815134048461914,0.007376904403300662
Breast_Cancer_Wisconsin,AE_loss_values,3,0.01,32,500,Sigmoid(),Sigmoid(),493,0.008433227546021833,0.007183674167384181,0.020832538604736328,0.007376904403300662
Breast_Cancer_Wisconsin,AE_loss_values,3,0.01,32,500,Sigmoid(),Sigmoid(),494,0.008429464511573314,0.007388447182612461,0.020865917205810547,0.007376904403300662
Breast_Cancer_Wisconsin,AE_loss_values,3,0.01,32,500,Sigmoid(),Sigmoid(),495,0.008518183329603175,0.007367322401127271,0.020825624465942383,0.007376904403300662
Breast_Cancer_Wisconsin,AE_loss_values,3,0.01,32,500,Sigmoid(),Sigmoid(),496,0.00844616550788447,0.00703451681980177,0.02084493637084961,0.007376904403300662
Breast_Cancer_Wisconsin,AE_loss_values,3,0.01,32,500,Sigmoid(),Sigmoid(),497,0.008647437675108949,0.007453674164584331,0.020829200744628906,0.007376904403300662
Breast_Cancer_Wisconsin,AE_loss_values,3,0.01,32,500,Sigmoid(),Sigmoid(),498,0.008699618235926378,0.007252785834696209,0.02097177505493164,0.007376904403300662
Breast_Cancer_Wisconsin,AE_loss_values,3,0.01,32,500,Sigmoid(),Sigmoid(),499,0.008441202011941882,0.007153989943234544,0.020832538604736328,0.007376904403300662
Breast_Cancer_Wisconsin,AE_loss_values,3,0.01,32,500,Sigmoid(),Sigmoid(),500,0.00877954835829499,0.007226785840956788,0.02081894874572754,0.007376904403300662
